"ID_Clone","FRY","HI","N_Roots","Plant.Height","Root.Di","Root.Le","ShY","Stem.D","DMC","Nstem.Plant","StC","StY","pesos"
"Alagoana363.250437472",99.6124650579668,245.572306370837,59.3825048486957,5.85493785279958,151.048471137908,116.709742061455,143.518725932988,10.4781236269563,NA,NA,NA,NA,832.177276889606
"Arari424.250437476",92.4084555636621,250.774721126956,56.9771962392079,5.95931446710562,144.518971498075,112.845441975714,125.708925672259,10.3625275132672,NA,NA,NA,NA,799.555554056247
"BGM_2042",78.3431333460568,205.679202245537,48.9101318926356,6.13999688746159,126.877135359773,113.628785213266,124.768374380954,10.4431965572466,433.147738652093,10.8287326211815,242.422544349631,13.1407030813714,1414.32967458721
"BGM0290.250581760",90.4767539211989,225.907300663526,65.1659459144127,5.58496727814693,138.998938309377,107.98067316923,132.902101164925,11.2910351302042,NA,NA,NA,NA,778.30771555102
"BGM0368.250437186",81.3443950007267,275.943703157743,60.1368416982876,5.35835536915024,144.544901090715,113.431378788185,51.8648406838193,9.55395029054325,454.014283294142,10.7268274809584,256.332473969507,13.8331224653875,1477.08507328916
"BGM0424.250437187",66.04350566803,202.878562875308,57.166153072576,5.64629528595194,126.06969602303,123.148928426437,143.758645576986,11.2696949386278,393.650761649388,10.1418937541914,215.871228143881,11.8195147310643,1367.46488014547
"BGM0611.250437190",78.4862219346702,203.459706654401,48.3876811013956,5.73305829705118,133.51225904068,107.613995652542,141.694560729401,10.1484583855944,407.73073020013,11.8816133293622,225.533784609128,12.3285888023602,1386.51065873672
"BGM0649.250437198",84.7497855200465,197.72394571096,43.769007913415,5.58693006384592,129.282717547331,110.11250403886,124.665803215029,10.5251044330291,NA,NA,NA,NA,706.415798442517
"BGM0652.250437861",68.6611827528644,215.519194079315,50.1827767259279,5.31377758172787,135.96027604058,105.442845781579,87.8020627670253,9.7373294478035,406.375450008215,11.8966949344926,224.787984985442,12.1492689855221,1333.82884409049
"BGM0699.250437199",88.9345188532198,273.72808156971,62.2624461884298,5.9315228833857,153.512832042533,114.871221095729,125.323628742324,10.6012168219595,447.275817911028,10.6785969624536,252.158686509097,13.7789655862313,1559.0575351661
"BGM0834.250437194",114.053696033648,271.472849667956,65.19356488931,6.30641209129467,153.567232602444,112.255780523582,157.09806003742,10.7987289256333,NA,NA,NA,NA,890.746324771289
"BGM0914.250437205",122.124329702491,272.521363130877,59.8951911881348,5.67367699120356,151.515135481433,122.979387526046,172.176382726251,11.3679393555197,438.265454784632,9.67394677277771,245.774671736475,17.5218307999464,1629.48931019579
"BGM0915.250437213",88.3345028915507,205.113610679872,56.8100596783411,6.29736251424671,141.656054309884,122.479396763533,155.12032880026,10.8607825730533,419.80574053177,10.7177884630556,233.730191639764,13.7193785443214,1464.64519738965
"BGM0917.250437206",91.5903577493955,221.964455963124,63.8361983354637,6.34747904371061,144.673281688009,112.182275455202,142.033665953941,10.4130051219628,NA,NA,NA,NA,793.040719310808
"BGM0919.250437207",68.9311117116738,219.098668773819,50.6075067110677,5.7975392734292,141.987427649506,103.998342048332,81.9794684517102,10.0118133639656,351.703123393004,10.9608009716653,188.166374013619,11.8031823175763,1245.04535867937
"BGM0925.250437209",92.7049617286149,201.156735618023,76.6201359671866,5.51078178466381,134.145188185099,118.246188282665,175.342625551075,11.7974739173654,448.097275456264,10.6470341206565,251.159659640031,14.1947182643152,1539.62277851596
"BGM0943.250437224",58.4093695477072,203.647946212869,46.4605417395917,5.93249059341722,131.766898677936,111.931492298062,71.5837088094066,10.0385234103902,344.921965733061,9.92446735276997,183.58737438421,11.0976604576753,1189.3024392171
"BGM0946.250437233",66.267076957791,215.060267853244,47.8802589736498,5.78326658343506,143.099721415111,107.66879677702,91.600180583256,9.83036862505331,365.065705377022,10.2588804995448,197.023054906588,11.9596702129327,1271.49724876465
"BGM0947.250437226",96.2014954385509,239.418947730666,71.5557657304364,5.84040658293531,145.554366339207,113.811717165345,165.917327546966,10.8666553438507,461.267263903148,10.609840735605,261.117003212305,15.3072691052576,1597.46805883427
"BGM0948.250437234",63.9042616320364,231.110190114486,57.5262464730883,6.07756428739921,131.593890063177,107.035592906512,44.9731195573054,10.7983544351125,401.284326312898,9.5569600274243,221.135552295523,11.661176438923,1296.65723454389
"BGM0949.250437235",63.0685588923972,222.894927858023,53.0805868047144,5.37678232513423,136.411684224576,112.966501483876,65.2943588867759,10.4748233601783,364.73628967083,9.615453400101,196.804603223213,11.3963854057534,1252.12095553557
"BGM0955.250437245",94.9425082852606,220.43570620404,59.9548423080692,5.82166322416284,141.044254068952,120.563920115715,180.814077320918,10.5458186976319,443.943187290808,10.7117458758281,249.773342843142,14.6854045701658,1553.23647080469
"BGM0961.250437240",56.6123143118426,191.727470756201,43.1335789202312,5.88224496036961,129.621791680259,109.059103813401,118.922415765588,10.2151607117133,429.201527161706,10.7268274809584,239.708811716095,11.0443186699985,1355.85556594836
"BGM0962.250437248",64.3498360592834,198.583964099775,58.4430689796997,5.11064254754415,137.227889998068,113.496177276051,103.155364240842,9.82321443915798,438.694602366462,10.27488802736,245.333614237373,10.8673989457465,1395.36066121736
"BGM0967.250494240",86.8892582527679,274.726259890094,73.8219633463533,5.66718790460145,144.820841838977,112.14969814864,108.397450423635,9.56948665942303,366.286407236313,10.3078505124175,197.599652354047,11.4691971275346,1401.7052536948
"BGM0971.250494247",81.2694258671526,252.720768044671,61.0326313682381,5.86638496572486,137.674406004501,113.682156908522,126.617788341406,10.1948032541816,468.972103581469,10.4248372577709,265.663963893877,13.0142979369966,1547.13356742451
"BGM0973.250437252",92.7927206100844,267.983249160764,73.6318368468304,5.07932088125509,138.004974530032,111.787060292806,100.11644259648,9.45225146701147,NA,10.1502090314785,NA,NA,808.998065416741
"BGM0975.250437253",99.1273829344822,298.260026624718,90.8421505749242,6.32634388654224,137.041289574346,114.471595377313,124.629487108769,10.3900831519932,436.339041218872,10.1087478935619,243.234165156063,12.0752175159922,1582.84553101758
"BGM0978.250437262",81.4511208063548,212.104148436092,65.8715065503866,6.09535551957264,127.41806577954,114.129961141984,113.862026408834,10.3069634323325,463.304414440052,10.4076997397605,262.565638846924,13.0801558868581,1480.59705698869
"BGM0980.250437263",64.358633227602,193.80568634595,40.158367778587,5.05928127892913,139.735073574804,104.041744068277,183.840164189151,10.6279720080561,349.196675835421,9.79093351813112,186.507165031493,11.5898914041262,1298.71158826053
"BGM0981.250437256",67.2810779380516,236.910083476057,45.0342154078179,6.04674471352824,143.932717977362,114.999953669751,55.61925073424,10.0608890487131,375.249284173006,9.79093351813112,203.952994760693,11.7230379376787,1280.60118335503
"BGM0982.250437264",74.1323127233358,229.560583002829,46.7703483778898,6.01049467782181,137.958327602822,112.855006278894,86.0699956766685,10.2654406392829,375.940597074126,9.79093351813112,204.43047227388,12.1859755361142,1305.9704873818
"BGM0984.250437265",113.634026625171,273.553763108938,66.1303617288183,5.67578485607296,149.551397753994,122.13916663933,151.69976824548,10.6145146646489,469.823783007064,13.1686704956665,266.57671843582,17.9873077823741,1660.55526334338
"BGM0985.250437258",147.80411337585,291.45713992837,68.3467717744372,5.44556090685826,157.52057994035,125.507326693165,167.821964320778,10.5624431785509,497.472861915943,10.024907008838,285.209043450598,21.5600775689344,1788.73279006267
"BGM0986.250437266",84.3175538488873,225.443368144378,61.080442873679,NA,138.634311965824,108.79121866253,114.597009917434,10.1529104957199,469.164158261733,NA,266.610144585114,13.377566225013,1492.16868498031
"BGM0989.250437306",95.925239906981,182.755699966618,78.5287455849219,6.54275493502254,128.364286777965,111.31762495824,225.094052978108,11.6892326663678,478.575223823452,10.8166824727463,271.178348442874,15.7695608545713,1616.55745336787
"BGM0996.250437309",75.5432831533912,220.058440985175,42.3456438116142,5.9836619993581,137.53636389005,101.794002960671,115.381557452085,10.454806358116,427.380270486429,10.2604321593903,238.314487390057,12.7560165773089,1397.80896722365
"BGM0998.250437302",96.6824103451516,244.133529867159,59.5678458221269,6.04820310795639,144.961525121222,116.595266795938,139.092115336527,10.6539855090614,NA,NA,NA,NA,817.734881905142
"BGM1023.250437312",135.545595803816,272.424386221905,89.6102085354363,6.6302193665322,152.341017872533,117.086017036356,167.690885885443,10.6562308664991,463.553860229625,11.6293741408257,261.889478975087,21.7517739378846,1710.80904887194
"BGM1024.250437305",81.5060902474483,251.490415261524,71.3289260449115,6.41026073624401,158.047642901492,108.768284571089,125.19473641335,10.0571001386596,461.369869653039,11.407612207006,261.055550464598,12.6866270740324,1559.32311571339
"BGM1029.250437323",117.171368452316,241.059962663809,85.5064940979725,6.63584831079898,150.471620374171,113.975963869777,201.06120632662,10.7698849635666,433.705883846109,12.7156021519665,242.877780605716,16.7389778199774,1632.6905934828
"BGM1031.250437316",84.9739366365267,224.258548851078,53.6024448286446,6.25392730826557,143.818642799411,113.825600135365,113.695298459402,10.552969390101,NA,NA,NA,NA,750.981368408794
"BGM1034.250437324",85.1478575388435,192.121944440956,60.2521193061696,6.01905118955293,137.746607800186,110.981822917707,152.332216698941,10.6328251461838,402.926445107756,12.4660978700987,222.391037115231,12.9771347248611,1405.99515985649
"BGM1041.250437318",74.6870146914036,203.335999639943,60.6018969547551,6.04442852103038,143.864107810584,106.861959068535,132.623680546945,10.7917744978325,402.736041280846,10.2588804995448,222.280044837813,12.537919844828,1386.62374819406
"BGM1042.250437326",88.7718747031049,234.811301184289,58.193255142712,6.07002036634418,144.975855292215,119.175636351977,140.97999598862,10.6089597710152,446.957537709964,10.1418937541914,251.798860097916,14.3032268642495,1526.7884172266
"BGM1043.250437319",61.5790647140064,201.824964695343,43.9661403610317,5.85178743786395,131.110181852592,102.788458313339,115.218057708414,10.5585803499297,382.548469564444,10.1418937541914,208.604237725999,11.1636469923683,1285.35548346952
"BGM1044.250437327",107.408305471977,260.648302426561,76.3004370235493,5.77412520114047,135.469625686501,110.971140093901,163.879940410702,10.6423316019234,414.692316695061,10.4076997397605,230.270879891282,15.9852033562499,1542.45030759861
"BGM1064.250437871",104.802805752335,243.698253732579,71.4154191780443,6.7027308527917,152.650780501982,119.50884322954,166.423598223851,11.207909573664,NA,NA,NA,NA,876.410341044789
"BGM1067.250437339",111.997894252938,299.447901409113,60.4037732095031,5.54709913453024,151.269764586187,119.127543763616,132.060937417633,10.6149224512443,427.92108789516,10.2848336919075,239.057792103673,16.3688040380756,1584.10235395358
"BGM1078.250437341",87.9754871654584,235.828782494155,63.6120650803596,5.74206328649611,148.302848449906,123.925167030401,145.99071220921,10.8418647683164,460.681222133244,10.8438142263119,260.545431550395,14.2394794189786,1568.52893781323
"BGM1124.250437879",106.932145126868,260.779193826766,63.5664847091624,5.97136691755564,160.059988622113,124.299504434169,145.924365231127,10.4753476436026,477.64190138773,10.206331540992,271.532305885355,16.412946197024,1653.80188152247
"BGM1147.250437872",70.597021964365,229.717940187777,50.9991665810016,5.6664876521416,142.36633120207,114.119532965563,79.6555498815791,10.2107622397456,350.571919616058,9.5569600274243,187.483327430537,12.0164158693448,1262.96141561761
"BGM1225.250437336",77.1814889627368,219.019579115647,44.0448078271953,5.38714543794734,141.151662066399,104.666821583041,111.413230617921,10.1405480780052,417.95711197769,10.0098254037076,232.334899427489,13.1537829322701,1386.46090343005
"BGM1253.250494285",69.0853672663202,199.469197074666,47.8738841461516,5.23425215885533,126.287877926072,102.819816835096,102.040813740035,10.3355359789629,391.540247583902,11.530653093302,214.743158730281,12.1431426280256,1293.10394716167
"BGM1272.250437345",89.7611721856461,224.126751419526,56.7087258564969,6.29382974390297,135.750983851024,115.816997118501,131.065355943426,10.6093579622047,NA,NA,NA,NA,770.133174080727
"BGM1290.250437347",111.152130648458,257.657953511591,78.043305849644,6.64391869659468,149.480002868789,125.689745626699,162.463343204344,10.5856204956788,NA,NA,NA,NA,901.716020901798
"BGM1310.250494286",82.6091370339944,241.443629884272,63.844046015525,5.44245519210858,143.417611528101,114.760860794788,124.850365611153,10.1464061655741,477.165894168809,10.7984867956639,270.624881656656,13.115283711994,1558.21905855864
"BGM1326.250494256",97.0078415604084,238.858778917186,50.6151026770027,6.18932872644134,157.086047962651,115.1833381922,139.238186904025,10.4517546218091,NA,NA,NA,NA,814.630379561724
"BGM1336.250494249",99.4679912742274,227.248976691709,47.188295102055,5.99028019941235,144.613657458502,122.246431310679,149.710996628492,10.8223077276709,472.279419851162,10.1405154348582,268.565885028927,17.5037278141013,1575.7784845218
"BGM1348.250437351",120.58101646919,285.910992356713,75.5907741178291,5.87960497529276,158.480900785296,119.578329603558,152.541639965616,11.6627177663244,NA,NA,NA,NA,930.225976039819
"BGM1427.250437881",86.5145200197752,215.469487400429,47.7345995660406,5.36657828447508,132.598129147084,109.716390580113,130.867086709816,9.8974495713417,NA,NA,NA,NA,738.164241279074
"BGM1496.250437376",109.265151119136,302.944963332616,58.8961944087079,5.53093478270114,157.56631514255,114.898457261128,126.534788694659,9.94730337286187,450.628880794537,10.7839218251137,253.41472288979,17.0090183046053,1617.42065192841
"BGM1512.250437874",99.0390719608219,263.300412198193,79.1733401108551,5.75659708271137,150.882411110389,120.062471057222,130.192641557065,10.3797888652676,NA,NA,NA,NA,858.786733942525
"BGM1524.250437378",108.945000885859,274.078988747149,82.36873981587,6.49529216242236,147.525564224087,119.151883038148,149.034485029676,11.0742104979247,NA,NA,NA,NA,898.674164401136
"BGM1541.250437387",90.1792560448021,231.930111309104,54.1309989980107,5.43517424565131,136.423418034895,108.906633793181,110.940805239394,9.43876131970159,NA,NA,NA,NA,747.38515898474
"BGM1544.250494260",111.679129044482,279.13197718623,66.90495959439,5.51069053556215,155.73498329805,122.095330400615,145.101324117868,10.3620337541199,NA,NA,NA,NA,896.520427931317
"BGM1546.250437875",102.016061541046,304.391380718217,77.1094724208112,5.77572143378491,136.869223246735,108.727390441801,118.692179084784,10.1298713853014,NA,NA,NA,NA,863.711300272481
"BGM1571.250494261",85.4700621434154,230.125383172617,52.8250315647648,5.39279316516224,149.381797112294,111.11546132543,114.24040364438,10.3548450607272,NA,NA,NA,NA,758.905777188791
"BGM1573.250581739",100.37317334743,268.758400805639,66.1834373573957,5.35599043415997,146.84420944405,114.842657125424,129.852354302198,10.2252365867085,NA,NA,NA,NA,842.435459403004
"BGM1574.250437381",86.666056081555,204.163788863655,48.2403269566974,5.55756645012271,141.135000265057,100.096742862894,121.148164571037,9.90182755038562,NA,NA,NA,NA,716.909473601403
"BGM1580.250494269",96.1543723395759,225.482911897191,62.6882315113216,5.93229035309856,138.439940209207,113.122625562933,154.932938534697,10.7215786296638,NA,NA,NA,NA,807.474889037689
"BGM1582.250437877",92.2511354553487,255.279805075098,50.3679153011515,5.29257565977208,145.682564222679,114.832640728601,124.141380528764,9.70218676466131,NA,NA,NA,NA,797.550203736076
"BGM1728.250494282",103.468136564545,297.551036439468,67.3335770631287,5.83552114676514,148.584353398914,108.077219631038,132.550248531381,10.4004406263305,476.922596920229,10.4076997397605,270.756578135539,16.4096014757932,1648.29700967289
"BGM2084.250437461",92.1909559428697,246.793824642234,60.0504794968706,6.62159601564494,139.52732289495,133.941359268254,142.972595323862,10.6763060908386,371.744487469004,10.6588107484777,201.395286233525,13.2756714239292,1429.84869555046
"BGM2234.250581734",114.336055413657,308.673873958719,74.0837840362068,6.31086911536547,138.676005242727,124.042684446595,136.926094161067,10.8816476877522,406.853504959833,9.9833735450138,224.867642121945,16.7731074468728,1572.40864213575
"BRA1394.250327495",93.1190304976417,243.503584931928,54.7127236729397,5.49093655028656,142.950968119417,116.175986165453,121.217134752037,9.99044142013985,NA,NA,NA,NA,787.160806109843
"BRA146.250327457",99.7095859992214,260.148243146988,63.7234689796583,6.03328237628109,145.358343889359,111.28257249398,133.107747939722,10.3617743017594,459.409767676502,11.2438908121237,259.293711695686,15.6824822263697,1575.35487153765
"BRA240.250327461",102.896335774202,226.794189338401,66.3036203022543,6.70296260309456,146.526368720683,123.694866331551,192.704791338264,10.8422854146467,473.741456257861,10.7117458758281,269.457212741493,15.7684918427707,1646.14432654105
"BRA335.250327464",88.2290758147123,199.385263646328,55.6420867118028,6.44615228089901,137.79753183098,116.528360967836,141.264306033927,10.9457540268087,NA,NA,NA,NA,756.238531313294
"BRA492.250327471",123.205776720334,243.094670788659,65.6909134908597,6.68577178008215,147.958889000691,121.750408639699,236.955524997591,11.0227354644664,478.227908193519,10.8438142263118,272.561534458831,18.6528531336794,1736.65080089472
"BRA707.250327476",143.124317123335,279.816081550485,84.9066954030227,6.10511747277505,156.201134412573,124.593578984869,182.60864573155,10.4557549967685,581.461321654757,10.2956313561008,340.863469590681,22.6973521025902,1943.12910037951
"BRA803.250327477",77.441342352004,203.05298248442,37.2793927084874,5.6947951498941,146.738098755324,117.513501461815,136.283823553676,10.7230881559017,436.534667354345,10.2437988944144,244.74202453853,12.7846778809971,1439.03219328981
"BRA835.250327479",99.4372628093739,239.962374641575,73.6151016895895,6.04684331000825,144.519318336462,120.707700971687,172.829419060001,11.0211068819706,433.276796284546,11.6627214437857,242.62634879392,15.0386250579056,1570.74361928082
"BRA847.250327482",82.3164431734265,216.640284347793,60.2993550172092,5.5089493675199,144.753147997042,108.73599643414,148.314704043509,10.7469121427552,428.314771125508,10.9457193665349,239.21009578502,13.5088725342937,1469.29525133475
"Branquinha405.250437489",105.263128052895,265.295524723453,81.0022780441742,6.1232987005019,136.387203703694,113.10381218533,140.328627692514,11.1346802777083,378.075852405738,10.126812149061,205.921665647507,15.065041828563,1467.82792541114
"BrasileiraUruas106.250437497",91.5106306487743,284.35469733396,55.8455396310342,5.33820145991125,145.334973558954,119.316809638448,105.709448379002,9.38632463839095,440.645847146161,10.0098254037076,247.168677205387,13.8959606929181,1528.51693573665
"BRSCaipira.250437490",144.601192731261,292.361670562816,92.27751352806,5.70506040742309,150.319449646838,119.234436623368,166.900971269345,10.8083753035091,437.96397677048,13.4371112069716,245.527833029074,20.6599850150747,1699.79757609422
"BRSTapioqueira.250437498",180.851922566326,300.04509785784,90.1013790467466,6.65354488218592,159.419109058879,130.056284301012,222.914567786777,11.575433070035,435.193693113418,10.8931734157879,243.845669399063,22.5846990926864,1814.13457359076
"Cacau.250437491",85.1528886300164,205.454261220411,61.6229496778685,5.80487075719995,126.962671507892,103.231426899224,161.158186881249,10.5170637358229,436.380440043331,11.4136663479485,244.65118113774,13.8583459142735,1466.20795275298
"Cigana.250380422",85.2307393347776,207.265742654504,56.1319737485831,6.24421639367381,144.287222964072,122.869098511061,177.231016401369,11.2565463377925,468.971250821063,11.0782559676839,266.223965589734,13.4952301712783,1570.28525889559
"CNPMF1079.250371004",76.9691831415806,239.700811349078,57.7133869355156,5.67041209972668,142.188475010662,117.421562696297,87.0414796635132,10.0426188753369,483.64520131717,10.024907008838,276.026749721616,13.3482388774133,1519.79302669675
"CNPMF1081.250371016",99.7949389570861,258.832339152991,77.1058085411587,6.26016349531651,138.583946167745,113.547379420768,141.86051027307,10.2138369720061,NA,NA,NA,NA,846.198922980142
"CNPMF1082.250371017",142.893276374957,296.354601065671,78.2936635783816,5.80082491895171,156.793310209334,126.630781702434,154.121836299207,10.8938326898016,450.492517773691,9.5569600274243,254.138430443717,19.4335400711923,1705.40357515476
"CNPMF1103.250371077",92.9096836582873,215.078849837637,60.2547177126089,6.38431097431299,145.223968307914,118.624480060059,154.821596926424,10.7068074867565,NA,NA,NA,NA,804.004414963999
"CNPMF1105.250371088",98.3616496985095,273.541641574908,65.3519989737584,5.22483163733453,144.621786948566,120.46958778114,126.892762942364,10.1611215789657,NA,11.009770984538,NA,NA,855.635152120085
"CNPMF1110.250371018",135.21427995144,272.780609083657,72.9860753598149,6.11923499861907,156.791664831633,119.496335501675,188.817784481045,10.6131687988819,468.621043264282,11.4287479530789,266.034182814767,18.8366143081369,1727.73974134703
"CNPMF1116.250371031",82.3583418542996,232.307178507962,64.2241764196857,5.20163903775363,143.09921839568,117.265297874755,131.355721590245,10.1929964241398,450.827132136231,10.609840735605,254.092390700166,13.6635120946022,1515.19744577112
"CNPMF1119.250371043",133.379619816822,315.781070719195,85.3156085489052,5.57638121976535,162.575499739039,111.039650918182,99.2543258069104,10.4821789742613,446.050948915672,10.7268274809584,251.239604567538,18.3608721614753,1649.78258886872
"CNPMF1120.250371054",108.434358802356,264.092286705511,68.8673497875889,5.63724231568979,153.371738947081,121.173354247321,142.793085425877,10.2683564936707,392.87957334776,10.1418937541914,215.865820049811,14.7963224909119,1508.32138236777
"CNPMF1123.250371066",153.703790824989,266.311341066695,84.235200428829,6.81889543197154,160.538830710488,122.419672959265,259.054378723325,10.8421695131732,482.590364676641,11.8966949344926,275.223877371089,21.9104801336462,1855.54569677461
"CNPMF1126.250371078",63.9079211517046,201.909521845027,42.123385840238,5.95193665975852,135.634942182149,105.533008587781,100.224523253836,10.6662043936458,357.690227147048,10.8438142263118,192.493408629471,11.6911251529627,1238.67001906993
"CNPMF1133.250371020",57.0365543287724,217.440095982611,40.6676007744726,5.34922102927507,136.743849671759,103.232953589794,33.580437847309,10.0274565528447,368.188138493162,9.32298653671746,199.439816479061,10.9215570539956,1191.95066833977
"CNPMF1134.250371021",74.404818062153,257.19507654032,58.6679634450337,5.39529670456896,140.813284377169,105.803465099623,53.1123006638233,10.0914576883009,480.245109994635,10.609840735605,273.884056053435,13.2921937558412,1483.51486312051
"CNPMF1142.250371069",61.8476207595734,211.287466080005,43.8443263389291,5.29203182107099,131.582230015413,107.711736561936,56.9506375599941,10.2894322463054,368.829567797941,9.5569600274243,199.497885073251,11.191794638867,1217.88168892071
"CNPMF1143.250371080",59.8071091007624,208.099740666425,48.3733113138669,6.01101385667297,131.269148372422,96.4314926024363,62.0870550427748,9.75285985530627,392.271330367743,10.609840735605,215.171536648183,11.064635024036,1250.94907358623
"CNPMF115.250370276",96.8561867334693,228.45335114332,72.1373410764635,6.3662423997036,143.755861051617,121.618314119764,150.602614590067,10.7650255754017,NA,NA,NA,NA,830.554936689806
"CNPMF1153.250380444",79.25575131138,210.510451186662,67.0942429415024,5.58903836164567,136.157116219529,115.769662379117,135.947478308058,10.4152127310884,439.660925567652,10.6588107484777,246.61769444684,12.0919377583115,1469.76832196026
"CNPMF1159.250371035",56.8662256188984,162.119550817172,35.6328330761778,6.06190063242363,122.048752038382,102.707192963092,111.730634326706,11.0068495954974,481.247108202202,9.32298653671747,274.258685440676,11.4323024474639,1384.43502169541
"CNPMF116.250370277",84.7532309696587,211.312165985643,64.1763533149892,6.4048480892356,138.034784984981,122.042601578287,153.565867200097,10.9993865477077,485.921531604025,10.3607856397678,277.6229101529,14.5325119079368,1579.72697797523
"CNPMF1163.250371059",118.845357989142,264.313135153037,69.9304604445171,6.17768477131357,147.840748760815,114.946907841207,164.498520746044,10.6985598287383,429.683322024845,10.9608009716653,239.728557084555,16.2290077156888,1593.85306333157
"CNPMF1164.250371070",102.719068326438,256.332975546938,59.3500145564389,5.75849736935005,135.112947387316,110.940280825745,133.754507163688,10.5245845275016,423.902376337763,10.4291519489569,236.372835733844,15.2404460517751,1500.43768577575
"CNPMF1167.250371082",103.210290961886,250.445967329954,67.5032736862523,5.92099162286357,133.081140541661,110.974695436278,135.233850852762,10.0534976435144,455.313470754926,10.7177884630556,257.455783927372,15.8327413463355,1555.74349256686
"CNPMF1168.250371083",92.9839244000194,263.077298193168,64.728132785746,5.45419124793364,148.060632272299,120.772275342822,95.5820928660185,9.87234355633285,399.080219539857,11.0777877170187,219.653568956569,13.587201848853,1443.92966872664
"CNPMF1177.250371013",61.7176712748042,220.050878618399,45.6099877365627,5.83088164841627,136.489972606111,113.882392008105,40.009398701515,10.0290792786072,340.439523792742,10.609840735605,180.750805013727,11.3692306980431,1176.78966211264
"CNPMF1185.250371049",85.2041124470919,245.491535704533,49.9160946629749,6.16257672011214,143.975056245134,115.69834973242,100.903628118644,10.4570659725019,377.2518193741,9.67394677277771,205.267053163518,12.9488089761786,1362.95004788999
"CNPMF1190.250371073",124.657566777081,267.713806670094,77.460610363384,7.50046531741511,155.679700750349,120.127379437509,173.953609967938,11.2062653459374,452.745308388906,9.55696002742429,255.346694629051,17.8401603789661,1673.78852805406
"CNPMF1191.250371084",106.721509573484,256.083601204852,71.1516790254697,7.59254805666042,150.186320583647,117.553691565078,159.716753666826,10.9855010042239,458.473419827532,9.5569600274243,258.754227718503,16.0025948779855,1622.77880713169
"CNPMF1196.250371014",96.2759819929284,252.771503127398,71.9662528848715,5.47073197025342,143.122815268243,120.666351267114,122.361002563888,9.99570211329786,438.079337296848,10.8763127571254,245.312881493607,14.2416138804465,1531.14048661602
"CNPMF1200.250371027",99.624884951681,224.542050415187,53.1639685305527,6.88614740451808,151.758074336567,123.304957383365,188.93255910039,10.9449941528809,469.813689291791,12.2325735654225,266.904399454742,15.4048787528621,1623.51317733996
"CNPMF1217.250371086",100.354374216964,224.568812653868,67.8041333217,5.80786847522184,151.695055175376,117.047577962606,161.866666231001,10.9034910281426,NA,NA,NA,NA,840.047979064879
"CNPMF124.250370324",97.8426829155819,250.136583868671,58.2595577629694,6.03766368108108,151.455996457907,115.936413793044,140.26366993371,10.4773958362917,445.597217561853,10.2848336919075,250.90204379947,15.374224068318,1552.5682833708
"CNPMF1243.250372056",130.912349333699,314.479360894793,78.9085165528136,6.8006835147854,155.850180582819,120.597731164679,179.106652629766,10.9645729615628,439.611998972004,9.9002853220208,246.595121669703,17.8873878520215,1711.61484145067
"CNPMF1245.250372057",121.269097438566,262.97944449676,72.6291359342529,5.70265502057721,148.65308725234,120.928076959917,173.596998100815,10.8429733593864,451.623753675261,10.9608009716653,254.739687001501,17.4336050209586,1651.359315232
"CNPMF1248.250372068",74.3423969781888,206.594961591045,60.6214223065911,5.4172720565833,141.099369676887,108.20516347975,131.484501917291,10.5939668317188,439.312123932292,11.160436830824,246.106177084696,11.937810131062,1446.87560281693
"CNPMF1259.250372022",99.9684113321313,229.751660891978,67.1299838420077,5.97830706840992,156.9615157909,114.54178785617,175.85717498278,10.4970883204726,462.463909734193,13.0514807828964,262.204000661744,15.9018828779327,1614.30720414162
"CNPMF1265.250372046",98.6887149514071,257.498264013666,72.4542828443194,6.10209371300143,146.786682938746,132.851876208317,147.62840846564,10.8299483349804,428.228036566089,11.2020014631848,239.21927713679,14.7033848165166,1566.19297145266
"CNPMF1267.250372047",149.538943397148,292.771231370705,79.3908463856561,6.26114115857522,160.737421863319,123.736793129104,180.153582162187,10.8879439686458,438.428706435699,11.3136797594193,245.700188241105,21.4871357021209,1720.40761357368
"CNPMF1274.250372082",94.1734649343093,230.068826249176,51.4911120833294,6.29925711677649,145.68692933701,117.164320434293,141.890190637374,10.516057543017,NA,NA,NA,NA,797.290158335285
"CNPMF1282.250372024",106.193056371899,267.229122987676,73.8871639861702,6.24486561686553,150.668898482538,121.88450096086,126.054055421969,10.6239950703551,428.859572813469,11.1947744623721,239.543477634285,15.4621617497759,1557.84564555823
"CNPMF1283.250372025",83.4279675438225,191.639963999148,37.488520102037,5.66196738849561,133.476656066006,108.203599152903,135.192114247878,10.5471868177553,NA,NA,NA,NA,705.637975318045
"CNPMF1288.250372060",112.860921608786,262.932648994757,70.4380770055073,5.774283757161,150.458525844267,114.322200987917,162.304638905281,11.5228331268816,NA,NA,NA,NA,890.614130230557
"CNPMF1297.250372097",110.931384116103,252.519517115534,91.9277778156362,6.36619051342212,143.902563901549,125.367918558318,167.341764440479,11.5763104280056,NA,NA,NA,NA,909.933426889049
"CNPMF130.250370369",107.425339441448,305.206792879038,61.2951595422413,6.33851749905354,156.230884607407,110.647681143456,126.514675879446,10.6091896122259,434.321368260577,11.3598730829626,242.852182472472,15.6199509719538,1588.42161539228
"CNPMF1309.250372039",77.0494947471754,211.21264323262,61.5182257948732,5.6427024987759,130.411120218978,115.727436241395,180.679967906372,10.2784917128169,366.002285663249,10.3758672448982,197.655392969365,12.3995233685152,1378.95315159903
"CNPMF1315.250380447",128.705535508193,287.222466661443,68.2555219788384,6.47434155595619,143.417965660051,130.409270729546,157.075248192403,11.7588896446102,457.051569016502,11.2505078852794,258.279931107037,20.8021099497897,1680.70335788965
"CNPMF1323.250372110",65.9704206885284,227.730965269393,47.27971906077,4.97996723567967,130.518958767761,106.215844071388,57.3073138857643,10.1051193177295,482.526709654697,9.67394677277771,275.188418396548,12.5977099980554,1430.09509311909
"CNPMF1324.250372111",92.0096690070152,215.885519649646,67.275784078381,6.18921950397032,135.319243947025,128.277953704238,147.061663122643,10.6321176433768,NA,NA,NA,NA,802.651170656295
"CNPMF1327.250372029",94.4285631010727,265.501505779779,63.6784017768551,5.89555197707306,153.312846637519,113.776009776819,88.6313776890112,10.3114286384247,500.345277097515,9.79093351813112,287.144772027215,15.5186976358389,1608.33536565525
"CNPMF1328.250372040",68.7541802044094,229.104503882454,41.7248227740961,5.35188824406289,142.406655058099,102.436577666306,45.0986150041671,9.55879453851109,398.383508027823,9.67394677277771,219.473959550413,12.2217550072012,1284.18920673032
"CNPMF1332.250372041",75.1541051896176,222.589026087232,49.1308682127641,5.94305220116994,129.272517728853,107.526163285998,113.705192878094,10.2200254983786,479.371760973786,9.89283865835417,273.235413275142,13.0939591597039,1489.13492314909
"CNPMF1333.250372052",126.04872125001,322.780466034172,105.406307173744,5.82985229151226,148.786382282776,125.361348889683,133.931891428053,10.8234344399852,NA,NA,NA,NA,978.968403789936
"CNPMF1338.250372064",120.062493537028,237.040090093708,83.5550076261846,6.33396775478177,148.512478484331,121.404949830076,276.668542435084,10.5353742228524,485.945480957766,11.5457346984323,277.543953806948,17.9485597535704,1797.09663320076
"CNPMF134.250370394",115.271226536883,275.534852733491,81.7438521458488,6.4096715281932,155.339460944164,116.067678645878,157.756560916488,10.7327359809494,465.535111108898,11.6385761855307,263.277399576304,17.6643073545877,1676.97143365722
"CNPMF1345.250372088",73.5049879544708,215.36617488854,47.0600605294959,5.93550310383915,142.393279643202,113.261242661606,127.776588299819,10.2850618841446,400.955895509589,10.9595869840276,220.698861813761,12.4362644896688,1380.63350776216
"CNPMF1355.250372030",86.4965491146184,196.494522985168,58.3340787352019,6.21661553179329,138.191532021529,111.76002495565,157.490393877068,10.4836669223485,NA,NA,NA,NA,765.467384143378
"CNPMF1356.250372031",88.2021153737276,212.736910909896,60.9187752111732,6.05168451804337,142.682656701167,107.792509114108,139.48916875995,10.8579713097453,NA,NA,NA,NA,768.73179189781
"CNPMF1361.250372054",91.3228409876005,200.276215065726,77.3115486420663,6.46316697601516,145.130278352866,120.011163668315,172.840466273415,10.708873371189,NA,NA,NA,NA,824.064553337193
"CNPMF1362.250372055",98.2414727720492,247.740204895727,75.8767065033754,5.70851221455793,135.215932016283,122.261816222129,135.635169930117,10.1697759100373,NA,NA,NA,NA,830.849590464277
"CNPMF1367.250372090",85.0452377897294,189.756779581823,40.5348060776981,5.75279272971501,127.117191770189,124.531355161988,139.450359501945,11.014326485149,NA,NA,NA,NA,723.202849098237
"CNPMF1382.250372160",85.2594006413015,181.029601513132,40.9299780783564,5.80995277076774,127.427829031786,119.389856585861,147.762409135244,11.0363035668567,NA,NA,NA,NA,718.645331323306
"CNPMF1395.250372208",84.9520002755613,209.909044722487,50.8605169561052,5.64796731587003,131.433672983323,105.895157127241,119.118306631453,10.2963025952112,NA,NA,NA,NA,718.112968607252
"CNPMF1403.250372161",103.824294963824,228.070736851481,84.3162185766971,6.35296510642017,139.477381528963,113.623723619826,173.568631578985,10.9228187065827,399.033314082169,9.54187842229393,219.666996190375,14.7177464104067,1503.11670603802
"CNPMF143.250370429",98.8329458425526,239.488177575312,54.7989028283186,5.93207389036009,145.876280454364,112.222608053102,159.024471168968,10.3719197114143,453.249759404232,11.0627061118883,255.809304468715,15.1856859781568,1561.85483548738
"CNPMF1432.250372164",103.378627091049,228.36346606843,72.5768032906381,6.18426503454457,148.72862816188,113.9350030862,186.539403503426,10.6279028618986,475.972077139533,11.491288630533,270.670376088309,15.8181465504749,1644.28598750692
"CNPMF1442.250372211",103.702345620645,349.422584055232,70.704052253823,5.68421649510825,142.950359820317,104.663053477818,109.150377724559,9.88237531429019,466.683018784358,10.0843036881822,264.333929145931,15.2172883802118,1652.47790476048
"CNPMF1455.250372177",81.4206407154678,196.16900627417,59.8092812650708,5.804459583422,146.651560533305,108.685088907717,172.258350944054,11.1397395111984,386.226795883306,10.3973844076606,210.737334545836,12.9857340509552,1402.28537662216
"CNPMF1472.250372225",81.8180046394996,208.916156268281,39.2999664904845,5.54016510497589,133.927268407791,106.503267560464,105.241071598207,9.79082191267849,NA,NA,NA,NA,691.036721982382
"CNPMF1476.250372155",86.9081214043375,214.151876232842,37.3875828063654,5.27554847732459,136.582368130544,109.651985809016,117.526035262181,9.63232277679817,NA,NA,NA,NA,717.115840899409
"CNPMF1479.250372167",83.2154933667648,244.104783994651,66.234279088579,5.53656126321687,147.927515464269,115.42346258545,112.394436938129,9.82105120086644,419.681636678985,11.3584769181325,233.007635638784,12.7057277942648,1461.41106093209
"CNPMF1483.250372191",83.895716346947,222.992338906358,43.4365148304616,5.43495987036578,129.823620977397,109.252992274893,108.888590238978,10.1949848783649,NA,NA,NA,NA,713.919718323765
"CNPMF1487.250372204",96.8199340782848,271.429432629403,63.4819654525247,5.79460709214534,145.17204045327,114.246738872276,125.156213986891,10.4374780554533,NA,NA,NA,NA,832.538410620248
"CNPMF1488.250372215",82.9568502715902,202.216135377772,39.2077011066707,5.29897182485312,128.355070401541,106.722372302643,106.544012485355,10.2418297888501,NA,NA,NA,NA,681.542943559276
"CNPMF1499.250372170",113.074845454763,298.339246675956,85.6020674256366,5.62033840914046,154.45206724362,122.838334265574,137.421363014123,10.503812915237,NA,NA,NA,NA,927.85207540405
"CNPMF1503.250372193",99.3683271685167,238.109607708347,69.2320533088348,5.7125020847602,143.051203316295,115.085375509172,147.683493232403,10.131764988228,NA,NA,NA,NA,828.374327316557
"CNPMF1508.250372205",85.8637933363386,204.609149140578,39.3248391075614,5.43676926749231,144.282611557351,106.58672979978,126.172134805475,10.8577100318171,NA,NA,NA,NA,723.133737046393
"CNPMF1523.250406958",107.987847969234,232.89959857125,73.1952172213612,7.0751604293963,145.654591888868,114.706605034395,182.890405352081,11.8373187332759,NA,NA,NA,NA,876.246745199861
"CNPMF1527.250406982",82.1459607156193,191.426783731847,39.418828113869,6.07941781255012,132.61291547294,102.313461182217,122.070044840459,9.76135357889425,NA,NA,NA,NA,685.828765448396
"CNPMF1547.250406948",87.6939940893206,264.989934885255,55.593423224436,5.20388490075802,140.063710099917,114.815698348776,113.88414036511,9.8890874719927,NA,NA,NA,NA,792.133873385565
"CNPMF1549.250406959",113.066502677882,290.422810115141,54.0504600497078,6.31540893612083,156.492901811668,113.559082081348,141.708902026594,10.3615669126972,475.040877044064,10.0630738883732,270.098019697641,17.1375129785233,1658.31711821976
"CNPMF156.250370396",108.552315135896,238.512951309396,54.2808713852662,6.14824566930539,149.105790901261,130.364158177199,180.605511322924,10.4857118356587,454.104476383023,11.4136663479486,256.408517656633,16.0895208506986,1616.07173697521
"CNPMF1562.250406995",108.777319416748,307.746390700819,76.8727284194892,5.70728249212962,151.941472541826,119.633241385617,125.556736449614,10.1465430991847,NA,NA,NA,NA,906.381714505427
"CNPMF1583.250406949",120.86433357698,243.724954394564,86.8303829272263,6.2811751139258,138.341975764785,112.440472260031,184.812958456773,10.6993242927182,466.475175276468,12.2552597288155,270.43870041042,19.1727246174984,1672.33743682021
"CNPMF1613.250406987",96.7694977543522,226.526743092895,69.9013911717681,6.55722900143283,148.783993217164,112.489768676407,153.908142992483,10.3111144511298,NA,NA,NA,NA,825.247880357632
"CNPMF1623.250407036",114.102348019781,244.5430008701,75.2516003206488,6.36361374515364,148.495661840351,122.686253638674,193.771417545124,11.2032799063881,462.116698042339,11.1796928572417,261.793372705499,17.1303547721905,1668.63729426349
"CNPMF1629.250406978",89.9241945130325,236.31172868605,61.6262160061683,5.74579066522853,133.072331683846,118.946081962133,128.7813140354,10.1806062468162,447.136302495901,11.5129436629526,251.81982251066,14.4338447205569,1509.49117718875
"CNPMF163.250370432",102.858363279948,226.468568746956,79.099130719925,5.51193797300492,145.313771783868,110.432141089571,190.930398956181,NA,447.150363206118,10.6785969624536,251.714987529725,16.1714510569615,1586.32971130471
"CNPMF1631.250406989",110.184076681146,268.847776456468,66.6388180449073,6.74304919995324,152.58814449018,121.098727185884,149.1069122961,10.7546116741104,419.000585915358,10.2437988944144,233.094690423373,15.7654462339794,1564.06663749587
"CNPMF164.250370443",146.187080588952,246.351611171973,113.036206733427,6.73306393122007,147.894770787075,133.042394966516,238.151994148037,10.8123638002264,424.859954224886,15.0595528304291,236.787040366403,20.9210841233018,1739.83711767245
"CNPMF1646.250406955",109.244440125691,309.042613035358,66.8788729974601,6.12215460132983,160.826246885784,118.395667689785,134.01393461671,10.7284624390933,425.809159280315,11.1267577298914,237.306810810048,15.9360219216719,1605.43114213314
"CNPMF1662.250407016",91.4748311107257,249.775493304325,60.096681343942,5.65980934869395,137.744034719346,108.646192728356,126.214627927457,10.1488010649797,452.874413998287,10.9457193665349,255.79318042364,14.859111161993,1524.23289649828
"CNPMF167.250370456",98.9232872909081,261.217137295765,47.5640798275996,5.90155586561813,150.527322706549,106.914824619799,141.571658890765,10.3755089560165,425.912647688205,10.126812149061,237.389901936329,14.7078039109813,1511.1325411376
"CNPMF168.250370373",95.9584240841563,234.478540157671,65.9758606871345,5.71169546799816,148.172032127056,119.91023869679,184.173902287222,10.8625492488606,377.508546743602,10.5831638026266,204.417578186876,13.0705285531489,1470.82306004314
"CNPMF1683.250368906",134.628876664162,285.16580015294,78.3703481892524,6.149801820635,147.642182537925,119.079492793116,159.862938366846,10.6366430206766,414.030195360151,9.79093351813112,229.379070761174,17.360278407684,1612.09656159269
"CNPMF1684.250368917",90.4302165192638,233.829344979323,60.5383400831872,6.54727117409221,135.852273863875,125.587397406484,155.706299230504,11.0534204371216,463.932293399388,10.1140076475703,262.620871034152,14.055821966884,1570.26755774184
"CNPMF1693.250368860",83.7988955880411,232.365721737822,58.7799206933538,6.30088904696762,149.474879441242,106.136951392538,123.241200311913,10.2011621162487,449.743461819976,10.8287326211815,253.703125531051,14.1128497634448,1498.68779006378
"CNPMF170.250370385",156.91621448945,359.729971216029,98.3383918516374,6.05014657867002,160.11331132418,130.489824924333,142.823653799291,9.97258040475973,439.403683658862,12.9126871658987,246.518078199261,20.6911571568653,1783.95970076924
"CNPMF1700.250368895",85.695599004107,233.201299012152,60.8427721728315,6.35169642436207,146.693503367364,115.330935794119,130.540076295666,10.9414581758028,439.81750634636,10.3973844076606,246.384744412204,13.3252798169377,1499.52225522957
"CNPMF1716.250368897",89.7431644168209,284.150835784956,54.6027781493855,5.58146370418385,133.075355243226,110.886330202183,100.089847601131,10.0712422691625,408.069275163874,10.0098254037076,225.886402025379,14.0777651575823,1446.24428512159
"CNPMF1721.250368909",93.0676588737189,270.132946004257,66.4332640612713,5.74941705490209,144.532398328129,114.362551801233,129.252691984928,10.8086151305673,431.265315546058,11.4736565894359,241.269321635958,14.4550318184786,1532.80286882894
"CNPMF1726.250380495",152.769426295955,290.455264545719,80.6465741250949,7.56758965285696,154.037636283424,134.916329369214,203.129330355109,10.8676989759598,426.286863557797,9.84215685901292,237.928457138721,19.7052357566385,1728.1525629155
"CNPMF1739.250368900",84.0402423598287,196.358912611286,61.5561966987712,6.64791937528206,137.62029288908,110.44200800627,132.497580471348,10.9587149459999,NA,10.4291519489569,NA,NA,750.551019306823
"CNPMF1754.250368902",83.8084869619417,266.216259447682,39.4803708280695,5.19122523677305,144.792455624655,114.730127570347,112.857741982017,11.2100776565353,452.610010976325,9.07393144088028,255.544502915691,13.7999016047956,1509.31509224571
"CNPMF1756.250368914",86.8750163036619,266.835159075095,52.9750725239622,5.43016190059565,143.859535608608,113.852606376869,110.870048454278,10.3551054573562,449.343665901661,10.7117458758281,253.293534761231,13.8775247864172,1518.27917702556
"CNPMF1759.250368926",88.6576027984758,202.927832764989,65.6586400291837,6.20127380176801,135.786032813465,123.236392152315,201.008117908409,11.2703870732531,467.39246400429,10.2945272885279,264.484110826292,13.7657096758937,1590.68309113686
"CNPMF1764.250368856",95.5795427052354,224.416068569159,58.8362793071915,5.51444021195499,139.131640074937,114.744291999195,121.603183518869,11.5427026648722,440.350705298987,10.0697610924591,246.878821722,14.3011211140049,1482.96855827886
"CNPMF1770.250368892",106.947270309924,289.790296588997,65.0782887365935,5.90593936754126,155.189329755294,115.964928525413,135.498455272386,10.9147363028872,460.184426886002,10.4487460201492,260.554628367678,16.1767704196118,1632.65381655248
"CNPMF1779.250368927",71.9705854275416,192.297815229172,32.060375428182,5.71202682280163,140.779466535502,109.667203810275,122.739217854123,10.0341175686348,443.423066585223,9.3079049315871,249.277456454951,12.5436294571922,1399.81286610519
"CNPMF178.250370410",91.6336683444999,203.281063183007,55.8872096159067,6.44776705518196,144.12847274854,124.838117212016,205.357823810811,11.1235433201881,454.283342797478,10.8287326211815,256.526604006116,14.7568022034641,1579.09314691839
"CNPMF1782.250368939",94.6306466945066,268.476135484059,59.4757912934079,5.65154962378544,143.766935225717,115.398411172303,127.692950550577,10.88009326373,441.609844855042,10.3437734248825,248.154770020105,15.0819002864919,1541.16280189461
"CNPMF1819.250380438",97.8285783153929,278.443656395673,53.9793563265289,5.42579637105266,148.039387101908,118.206479477125,122.967977729241,10.60151856443,484.610742146269,9.3079049315871,276.791987589753,15.572445176915,1621.77583012588
"CNPMF1821.250380439",86.558424662081,179.01899086065,58.0149417681192,6.33378587978229,126.141462422913,113.472001807581,173.508321191246,11.2822256599942,435.192330207225,10.1405154348582,243.881972730133,13.5791984420088,1457.12417106659
"CNPMF1880.250380440",76.5590426992742,204.144589188527,60.3928578281336,5.61628790264495,143.243610342837,108.989766500083,135.653185495833,10.4404430209524,406.807705520427,10.4291519489569,224.978290148467,12.7575754858865,1400.01250608202
"CNPMF19.250370327",94.6803496203623,259.854688393812,39.5758488989869,5.44448833886662,134.563454194875,98.2800527788698,95.4972796269157,9.81385430230021,402.844236860882,9.07393144088028,222.33648255605,13.9095471146021,1385.8742141274
"CNPMF1956.250380480",113.70729542526,219.19375252034,61.866268141951,5.68467366620287,156.218809849962,125.318017083291,196.410648792306,9.99817968033514,389.647297544262,10.7177884630556,212.264667059791,14.9077330854694,1515.93513131223
"CNPMF1957.250380464",73.687280496899,214.74758480743,51.2747274348175,6.3438096830356,147.355012791117,111.908253927993,160.151399160813,10.2813816910591,369.103891694573,10.5418240031243,197.89032045122,11.3564663171735,1364.64195245925
"CNPMF1962.250380465",83.0173055177435,202.15412093432,58.4529617090583,6.43457710646379,137.881227310938,109.679412002887,139.202619658379,10.4031912026857,402.649985013803,10.1405154348582,222.316241957225,13.5678123535625,1395.89997020192
"CNPMF2018.250380418",85.2131005979235,254.640946599378,56.1774400069641,6.41118589476678,149.173062362626,113.959278909259,113.372293371969,10.7885344854863,417.492739998026,9.19091818623369,232.071474510576,13.4196484586712,1461.91062338188
"CNPMF2020.250380481",85.1705704837417,253.959410279455,42.2573985489726,5.77980475571755,136.010117401542,113.441931507956,110.312407228917,10.40635163446,410.819731178081,9.1909181862337,227.850361931126,14.1001893406121,1419.29919247682
"CNPMF2028.250380442",144.048871088018,286.740486868011,74.4202211879846,5.72796350389888,156.282400444196,127.4415509274,181.165712040559,11.2503902468829,409.931625336307,10.8851435785391,226.674826899827,19.6196432210004,1654.18883534262
"CNPMF2030.250380454",109.947907832087,299.559048217384,65.3176480027496,6.07148971850646,149.358853463494,121.983538326232,137.870923733851,10.8384292528038,464.340281414007,10.3345183117391,262.518710809722,16.5469055387778,1654.68825462135
"CNPMF2038.250380492",100.800153072705,221.239160655616,62.8584632648048,6.0402249002301,124.47731859587,102.812768517755,159.5093508644,10.2902541970368,473.97634507782,11.1189756929073,269.059301068377,15.7988470917664,1557.98116299929
"CNPMF208.250370423",84.6680375085578,208.11988947869,50.5991248744864,5.86455902045033,145.281995094118,115.112636843236,165.172935876481,11.1296817825479,442.384231240628,10.2437988944144,248.665979657229,13.8085845323596,1501.0514548032
"CNPMF216.250370377",110.749214239015,227.896276080863,57.7665997111191,6.49839405319292,143.181095329063,112.199385178624,173.642893662605,11.1646100814825,424.302815737386,11.657261920002,236.203260921459,17.3612370160558,1532.62304393087
"CNPMF220.250370389",124.469322970831,251.843442153342,78.9402084542472,6.03990952490858,151.659806558635,124.151835392169,215.114909859979,10.666938775672,423.872856649242,11.5457346984323,236.172537639897,16.7292257393642,1651.20672841672
"CNPMF222.250370390",119.204998476601,262.419464315072,72.2302107391703,5.99928764678292,158.477632093683,126.895785805662,182.180167461683,10.9952446946978,461.596551159721,10.7268274809584,261.389235833759,17.3812013274957,1689.49660703529
"CNPMF235.250370413",82.8100934163539,226.097850255635,57.0687263476837,6.68161594234388,130.528207646122,120.29657430391,122.742725501253,10.4467311335294,406.174066876612,10.3078505124175,224.207792769601,13.2246465904856,1410.58688129595
"CNPMF236.250370414",130.110655495654,302.986198029571,68.2658971908734,6.50403432633694,158.532693910862,127.647723283302,162.757342176573,10.8746545898839,468.419769426927,9.85285419202129,265.699324430928,18.8357649043915,1730.48691195732
"CNPMF237.250370425",111.248866527862,247.281435427461,86.3763825087369,6.72553596325678,140.515567020958,134.768200347347,195.926034591024,10.77730415541,489.632423924814,11.5457346984323,279.923262127611,17.2768467724194,1731.99759406533
"CNPMF247.250370462",107.247941386735,244.525848080496,70.9470276890262,5.27740418073465,131.166412459356,112.782597489947,156.276898103081,10.0990364715166,441.354261988591,11.7922177218515,247.718619905116,16.5095236816291,1555.69778915808
"CNPMF249.250370380",66.7119626167832,211.967460603222,53.4068510932017,5.25526392034324,136.069956137724,110.978147582191,94.1647564949576,9.52028972770638,455.165054995657,10.1617115255571,257.025887130696,12.1216824922416,1422.54902432028
"CNPMF254.250370392",83.4740367369139,229.090009733205,72.3567746864411,6.2028351688905,142.339318686907,117.831678987632,140.782938975532,10.4792257613967,454.218212105582,10.7757974938311,256.103054993395,12.7406840034074,1536.39456733313
"CNPMF279.250370497",122.666346056426,255.071356240698,88.9595025049026,6.73363590107997,140.884904838317,125.768401096756,196.133277175817,10.5956101862113,441.0156208282,10.8438142263118,247.56191259469,17.2234651636893,1663.4578468131
"CNPMF284.250370532",83.5861143438685,278.382992876471,72.9515428313046,5.9790033526968,132.074308142236,111.963052001768,73.8724328990138,9.37370262611862,405.329387060222,10.0249070088379,223.898658830185,12.1452361283915,1419.58133810111
"CNPMF286.250370544",116.002263523472,257.017423082743,108.833364495571,7.08494356284915,150.207602749646,125.4405162885,175.150111375868,10.7496173692281,NA,NA,NA,NA,950.485842447878
"CNPMF287.250370545",121.55714359424,288.844908849908,95.7698088052299,6.5829301417693,151.92636139002,127.946198512742,156.92361133025,10.6174217317431,NA,NA,NA,NA,960.168384355903
"CNPMF298.250370499",89.1152654349762,203.432003082316,60.08723452284,5.7435264258265,133.303643882995,133.89887966051,157.624416673309,10.9518718531654,401.654573145253,10.5418240031243,221.065816656158,13.692351569903,1441.11140691038
"CNPMF30.250370293",92.2540744411795,240.9080589586,63.0258747331127,5.48221362352109,140.305503383596,114.456228696271,141.024261802595,10.8465019600649,444.673599423761,11.1267577298914,249.868346440219,14.3099076868845,1528.28132887969
"CNPMF303.250370510",126.809565871651,264.577716164478,86.0410796893082,7.21724928645731,151.901213156244,121.453059935986,195.587787461892,10.9726645408988,442.971149043392,11.1209319326043,249.036508640612,17.8106368855504,1685.49956260908
"CNPMF318.250370558",72.680363976528,229.230930229878,61.1637627054239,5.29987012794057,133.718545676447,107.197255047513,111.987892706991,10.2088722510662,431.422982965045,10.7757974938311,240.739135897673,11.7787951043597,1426.2042041827
"CNPMF319.250370559",82.9316448133815,208.544045275478,58.521031477606,6.61658650929237,135.80473331069,119.045495631126,146.435973080795,10.4552677451797,464.889410043744,10.3973844076606,263.268001735729,12.9445640335867,1519.85413806427
"CNPMF32.250370305",100.445286998906,246.354434490061,78.8858412482345,6.24277352938068,141.259017886287,127.438080311612,148.483712275663,11.499296832578,NA,NA,NA,NA,860.608443572722
"CNPMF323.250370570",146.010781522599,302.587072366757,72.1124818017606,6.69359723633216,152.6959721251,124.179933417317,169.096327252371,11.3723027225225,450.518113292819,10.5815768683482,253.841712050847,21.9460769133838,1721.63594757016
"CNPMF324.250370571",109.315715026117,280.348098107282,82.7489493095818,6.2626803556953,158.615838751076,117.367885313581,140.055971645385,10.7518735609068,NA,NA,NA,NA,905.467012069624
"CNPMF337.250370524",140.318043702532,265.334098182974,66.8693148656539,6.97152793641987,154.281483139448,128.384072227219,224.833788196666,11.1073548233124,457.519454978404,10.2588804995448,258.514238671474,19.0960185964757,1743.48827582012
"CNPMF338.250370525",118.265378378638,252.488578258748,82.425308507924,6.2033336967889,147.952567554883,114.478398136569,214.389940509911,11.1339018765547,462.808753557922,11.6627214437857,262.157781590232,17.3170007441371,1701.28366425609
"CNPMF340.250370536",67.1417837554638,173.927721707986,34.9227672264242,5.94558377029869,132.51393679312,112.890652297231,126.286314803371,10.1960874240147,390.611770932835,10.7117458758281,213.991913271695,11.7806252601955,1290.92090311846
"CNPMF341.250370537",69.5480296370732,222.029217822427,63.1535336819754,5.55796168015728,135.157200628674,110.410654018333,92.8707042270171,10.3315686566941,449.237762273603,10.4343606175749,252.643793268891,12.4209911514833,1433.7957776639
"CNPMF349.250370561",87.7055429999396,239.576798709973,67.6488593855258,5.76749562980312,137.128373405306,115.031454699986,131.967142236492,10.4208321612625,453.740526518861,9.42489167694052,256.29149595804,14.3015847957266,1529.00499817786
"CNPMF358.250370585",98.5216017383229,233.940520126402,56.731362636735,5.77339869247413,138.169183153086,126.232327396959,168.418347740225,11.1880070307053,427.069936754002,8.95694469552686,238.412695870119,15.24024295532,1528.65456878988
"CNPMF359.250370502",75.6844731127996,205.046780305547,47.4852777349869,5.74877996629018,139.560064674964,112.959802410633,127.951645144681,11.0823695122489,413.572173220345,9.30790493158711,229.479814647145,12.4395015665662,1390.31858722779
"CNPMF36.250370328",77.4204801376526,165.809431522141,50.8533141611617,6.45930049034298,142.059632633209,117.757325999179,186.285327483946,11.278983917872,453.867970840686,10.4388455455772,255.900258651001,12.6119827051252,1490.74285408789
"CNPMF360.250370503",113.291593342905,262.224433243789,65.272099137955,6.21099217534336,156.291338253212,119.804617606537,165.870405634013,11.3695706711227,466.276192264933,10.6125955744232,264.351582204014,16.5005738791966,1658.07599398744
"CNPMF362.250370515",103.353705444865,276.357830015881,83.2711665573125,6.02821995723877,147.979204809855,113.146801863578,138.115772736883,10.8899769971125,438.220122047557,8.95694469552687,245.860710626755,13.652774746448,1585.83323049901
"CNPMF366.250370538",75.5801751183452,258.856866529466,58.5410154699343,5.48172810759895,141.525760291744,114.096727836537,54.8722324342428,10.583647224688,437.340254956696,9.79093351813112,245.128294902818,12.75798798996,1424.55562438016
"CNPMF371.250370551",96.6839710782964,227.829724962307,73.258214312938,5.27534756122576,144.932273759789,123.960303390653,217.44482701227,11.0603010007978,404.223932881551,11.7797081891392,222.85834122576,14.0832208971816,1553.39016627191
"CNPMF384.250380420",105.479548159162,252.371921076541,60.824538012417,5.59532804566121,135.532318267676,115.129948390477,162.471431556517,10.3056392386677,467.605590737595,11.7646265840088,265.455929172788,16.202651581615,1608.73947082313
"CNPMF389.250370517",95.3749882801633,210.533387583151,61.3531423052713,6.43480733940016,141.952950876782,124.952196882624,178.06812236473,10.9997403481975,NA,NA,NA,NA,829.669335980319
"CNPMF394.250370540",97.0778401277715,242.149318750836,83.3813763353434,6.41615010241367,134.287290291205,121.752526508326,158.200607887703,10.6243665269425,437.552450867674,10.8438142263118,245.747946344433,15.0296038578913,1563.06329182685
"CNPMF396.250370552",156.092730608927,299.680131627473,86.4641457509751,7.13284765737186,150.357502043851,133.500469002924,185.400267632637,11.7355604295418,515.514231787638,10.6651555613005,296.899564222738,25.2987093088215,1878.7413156342
"CNPMF398.250370553",94.4940603134431,228.113725016065,74.6001776187795,6.07621176758926,140.165742554572,112.82449537567,196.571207212721,10.8235427963025,411.802008789823,11.5457346984323,228.098383394005,14.4615323202089,1529.57682185761
"CNPMF399.250370564",83.0507080980816,203.884495166548,59.9837790584557,5.96366101591502,144.041667833669,107.382137238701,135.819819256016,11.0109938802618,419.731204020523,10.0738770217106,233.109506152457,12.7606400899841,1426.81248883232
"CNPMF4.250370278",70.0423037702994,185.815487607387,55.0335579645152,5.43004930863134,132.340075502426,98.2831033585437,125.396636880255,10.0640231944874,449.611610763855,12.1796384380721,253.080263248761,11.7017163717477,1408.97846640898
"CNPMF400.250370565",108.724368184606,248.469794459059,75.6704721091975,6.0387839029995,142.677490845877,119.055365707063,183.418656429188,10.4666599943792,501.930376546076,10.7268274809584,288.265844085864,17.2254397847858,1712.67007953005
"CNPMF406.250370577",94.7202612102115,235.355728845845,84.4031213805788,6.71471476645079,135.772765477356,118.734282783974,181.145088646994,10.792431588619,445.447285843813,11.1947744623721,250.859818190493,14.7250901856918,1589.8653633824
"CNPMF410.250370507",110.953950407226,254.471026896746,60.6648560505496,5.73574787082614,153.195237385901,114.515910758918,172.240277037258,10.496831048464,446.35004341323,10.7268274809584,251.286046639025,16.2757065140793,1606.91246150318
"CNPMF411.250370518",83.6766010945351,189.197590167512,58.9465239987919,5.75789283946983,142.870799683507,117.024756936797,141.935131666142,10.3196978981525,443.699777367978,10.4487460201492,249.655521198703,13.676127409019,1467.20916628076
"CNPMF420.250370542",100.761449940701,267.843222078466,55.0610206446583,6.14288740366376,141.985672015065,120.035460781551,137.377872768379,11.0032501596139,420.659729405796,10.4291519489569,234.04883820157,15.230801716314,1520.57935706473
"CNPMF421.250370543",100.663242215781,254.046332886848,70.7899222351633,5.56226475837737,150.440236433742,113.022225350952,138.340724843142,10.6339073346757,461.287763538385,10.3607856397678,261.318648094224,15.68383638377,1592.14988971483
"CNPMF426.250370567",89.8230676565559,284.98418087788,55.0147846431168,5.07781609379671,154.199005828331,114.678574721817,70.9922506929026,9.72476376171491,404.135752969916,10.4834637428007,223.122619873839,13.4985685206396,1435.73484938331
"CNPMF427.250370578",93.6531965360781,259.793671047967,67.4375004489314,5.91763328270578,153.385027932767,117.708756663618,105.121468590661,10.4158866293703,431.158654880907,12.2476551705528,241.44986578822,14.4481415397205,1512.7374585115
"CNPMF434.250370591",138.112134078894,282.014712399237,77.0384480691681,6.76451330817114,156.995191291072,116.768814408982,172.333302200238,10.7352583240622,449.543057063924,10.609840735605,253.168232277592,18.6195507908377,1692.70305494778
"CNPMF441.250370659",90.5504286756637,204.402357550514,66.1261388519192,6.13948832230711,135.348723181515,118.98693217328,158.535570748581,10.1332313428558,408.194136081349,11.2203914078399,226.100003112594,13.2285300540796,1448.9659315025
"CNPMF442.250370660",106.237720870565,257.283395774684,82.2174721920319,6.57586596693864,135.276977289331,125.98969877916,162.254015676816,10.8552150071697,386.977524261988,10.1418937541914,211.477576234726,14.2195674709971,1509.5069232786
"CNPMF443.250370671",54.2828817227834,195.150542127622,42.2994018077412,5.78128637064149,139.722534009954,103.924467273542,63.7909947666503,10.0541311231497,581.876227409558,10.2588804995448,341.240717818545,11.262732687818,1559.64479761755
"CNPMF447.250370684",100.47842299019,250.841686464256,76.8991066465483,5.52253770190278,148.042900778822,111.41652274983,150.215180867357,11.0309942827555,415.658764610923,11.2966796025952,230.931848422749,15.0876009894467,1527.42224610738
"CNPMF448.250370695",97.345204673564,262.540857505939,75.4706571412336,5.86247183133615,150.880049206392,111.567309829654,102.322900605303,10.2502736383326,388.568154792402,10.8438142263118,212.726180081388,14.0308057270343,1442.40867925889
"CNPMF449.250370696",111.285522464297,278.653045100416,66.4234098048417,5.82462563952756,151.900774568195,118.274139710704,116.011010290041,10.5279855822176,446.276133737185,11.6627214437857,251.147945509418,16.2084603610844,1584.19577421171
"CNPMF451.250370708",146.285587253347,312.991001812679,94.6373967330363,6.15764517103684,163.975970238043,121.599621487364,150.402617627383,10.3756608160096,420.169589056398,12.8491041720151,233.929893961435,18.9337706242783,1692.30785895303
"CNPMF46.250370283",130.31039144495,260.661881158099,62.689812228025,6.17784581114645,151.14806889782,123.721099296383,189.757717911831,10.8721910835266,449.11451285292,10.825373741667,252.531331946595,18.4276561297658,1666.23788250273
"CNPMF462.250370650",59.8219578588722,201.546601248242,44.4233821661728,5.60512129535798,132.441013618971,101.620718426568,72.6444017052136,10.0003862025734,448.816505929683,10.9608009716653,252.802125818013,11.709750022208,1352.39276526354
"CNPMF463.250370661",85.7650624808482,263.612324889395,59.6159989094316,5.87792488149888,143.130310671806,118.290161981095,82.3985107836911,10.7428603594517,429.989310231403,9.79093351813113,240.222392390585,13.7115212578639,1463.1473123552
"CNPMF464.250370662",78.4944217940288,194.951713869859,33.6225675012282,6.73186618835796,138.671011982065,123.020645202399,144.906933636494,11.1704685772336,444.958799765701,9.30790493158711,250.252761458354,13.0822451127462,1449.17134002005
"CNPMF470.250370697",58.4711569154876,201.29031534578,43.7931874229466,5.50437239674092,125.932269608656,107.365528062306,68.9213201824203,10.157249770731,412.639984179141,9.32298653671747,228.858034800278,11.3574213637256,1283.61382658493
"CNPMF471.250370698",119.092122243655,262.404450478685,70.6166165026803,5.88883555279008,158.740054744066,121.841228049554,171.657787655632,10.9989095717881,450.294566330029,10.3758672448982,253.976441617662,16.9277370306084,1652.81461702205
"CNPMF474.250370627",76.909788181742,218.448167811295,58.8080341860262,5.46039216545195,141.487662065228,105.550778093615,134.252330609907,10.4832305137125,431.172461606011,10.3973844076606,241.39973939441,13.2401611221039,1447.61013015716
"CNPMF48.250370295",84.1790656662558,305.852478204445,64.8834154776951,5.61539420451508,138.805816163767,109.16290187949,109.767618704347,9.92326081241698,453.58439081291,10.9494941851467,255.339698553554,13.0839911887052,1561.14752585325
"CNPMF484.250370652",81.2519876548751,194.53072676113,57.7382959175421,6.30653294062695,140.031135562811,113.576931598816,130.349362585109,10.4602209599667,366.047710067394,10.7177884630556,197.678834844179,13.5070207558726,1322.19654811138
"CNPMF489.250370663",81.183495685638,184.456286743525,41.6224528231013,6.1489853806523,127.724906215768,111.127184749978,153.084409785212,10.6541430286097,431.760994772058,11.4136663479486,241.726105904039,13.6783838107848,1414.58101524732
"CNPMF512.250370677",180.14104513076,285.808841070598,70.5544442790792,6.66413988683901,172.451882592068,122.486485889478,253.334717147978,11.1975351529672,376.580637293569,10.7555676258639,204.861385764765,20.0480219390867,1714.88470377305
"CNPMF514.250370678",98.6406770221975,257.242730045006,70.5031295965176,6.20561744780207,140.245697016381,121.063400585132,136.694688313102,11.5684135877595,NA,NA,NA,NA,842.164353613898
"CNPMF523.250370702",96.8846895583796,224.79015917922,56.6906092688604,6.06610059143353,150.167491434647,113.516277430413,156.514234680198,11.197219725959,NA,NA,NA,NA,815.82678186911
"CNPMF527.250370713",78.3283868588544,237.342802894848,41.5454337356761,5.75884930997428,137.451789077876,113.180519289313,105.726617114122,9.79421669790972,447.416255116067,9.77585191300077,252.127071981879,13.1644550239025,1451.61224901342
"CNPMF536.250370643",104.369029647938,282.387879969052,82.1184543623006,6.33143440035138,142.176238305049,125.537938006461,134.652316341396,10.7937220892944,NA,NA,NA,NA,888.367013121842
"CNPMF537.250370644",85.0098777201117,185.296331152965,50.4733894881079,5.77059942857714,130.801835545385,109.789400624951,142.107435394646,10.5215592214243,NA,NA,NA,NA,719.770428576168
"CNPMF549.250370704",95.8696491638489,234.291913735549,58.9208970684748,6.41140356226788,156.217380667833,129.741320723892,145.900887708744,10.5462616308041,470.770801094161,10.6470341206565,267.190600619934,15.3465793106321,1601.8547294068
"CNPMF551.250370716",83.2494573872831,233.338435921638,75.2843585536174,6.207222171704,124.364940769554,111.50868834448,116.97359171099,11.0063787891661,410.956425557909,9.30790493158711,227.778777639622,13.5933683444865,1423.56955012204
"CNPMF555.250370634",113.676280534662,277.992746929613,104.981946552249,6.4429034205389,144.468999351516,121.76728382285,153.09389884274,10.5504795531419,NA,NA,NA,NA,932.97453900731
"CNPMF56.250370248",94.9113291604802,247.380853608336,81.2812551251832,6.11167072004479,147.416679465712,118.090625689758,135.886577447221,11.4735343064294,409.633711245022,10.2140793495085,225.792322420794,11.5793054766471,1499.77194401514
"CNPMF576.250370751",90.5754295693075,227.479325575287,58.3699125184936,6.19579437509113,145.148550006214,117.751782415084,135.634317374515,10.5137036594332,NA,NA,NA,NA,791.668815493425
"CNPMF587.250370774",71.4654932829508,171.442212725419,31.6055619717081,5.94222207360934,122.348014284204,107.125503778766,120.881724184497,10.7169585841928,435.619938118209,10.126812149061,244.284630840629,13.9886888218502,1345.5477608151
"CNPMF592.250370798",121.12176981909,284.377147833364,65.7781731774131,6.0227347851997,152.098126934256,114.318680286827,142.834970977929,10.3294578538925,450.032433007628,11.009770984538,253.551450186692,18.0766769092326,1629.55139275606
"CNPMF603.250370823",98.270281480551,231.810901617991,65.7548791744959,6.18827951781551,141.12935476833,118.218593982482,164.318196797962,10.6198482418823,414.233133588233,11.0627061118883,229.740039840664,14.8077098151274,1506.15392493742
"CNPMF606.250370834",88.1780466856364,214.185657626771,48.8661914985639,5.61091341903859,147.262796366706,105.196039919207,135.652793779902,10.4113754167051,NA,NA,NA,NA,755.363814712531
"CNPMF613.250370765",96.6556230493415,266.114199005135,73.2201244139341,5.31779743950099,149.598161609796,118.972691032809,125.785425834666,9.79553957924356,380.749853184969,11.5519304640554,207.365349383777,13.4147665833229,1458.54146158055
"CNPMF615.250370777",94.9261381589852,248.601715703969,52.7115893977119,4.9826628931493,147.067291296913,118.436786506485,121.219334884759,10.1729375114626,NA,NA,NA,NA,798.118456353436
"CNPMF618.250370788",83.4375258394505,221.828880376528,56.6084641477314,5.66738782488632,142.627287909586,107.124327682842,156.902120363286,10.1874256512542,451.753046735777,12.013681679846,255.137018673375,13.4697258168372,1516.7568927014
"CNPMF620.250370800",113.030278615941,264.200997380239,67.5170020579385,6.4687160145262,147.485386293335,116.104186088815,141.344019392944,11.0090881588903,442.743889359193,10.1418937541914,248.90526516025,16.2619203742371,1585.2126426505
"CNPMF624.250370813",91.4600958210313,244.207711556793,62.4632862292378,5.57128103258897,155.275414393238,118.802624836305,132.629827673021,10.9102868904,357.124349433231,10.1418937541914,192.073685353373,12.9202475229775,1393.58070449639
"CNPMF625.250370824",84.9350181839058,239.955426323182,68.7591324841347,5.6645976816818,143.238384150709,123.884474760855,115.97259733843,10.2541492370877,414.110792979231,10.3391454857514,229.928572664607,13.5524278478309,1460.59471913741
"CNPMF626.250370825",57.7708530428568,206.799882276616,42.6907806283301,5.16022018473073,129.598147243108,100.69124097218,53.9920423739746,10.1195937680633,332.029650449892,9.67394677277771,175.343279369945,11.0858386522923,1134.95547573477
"CNPMF630.250370836",86.7633117981404,215.55215844828,57.1273212780056,6.73075351032352,141.370762145388,117.580284359347,242.796403500896,11.555827407456,413.450035218068,10.1418937541914,229.383123854984,13.5916660044094,1546.04354127949
"CNPMF638.250370766",101.556518339814,233.136343776089,68.8254976652146,6.8235637560638,148.097501465664,121.676793884648,227.674891862976,10.7887113425449,518.207766831426,10.9608009716653,299.0157169421,16.8070728316873,1763.57117966989
"CNPMF642.250370790",113.841251199558,250.59812597535,65.50490913521,5.76640368696988,144.643501454144,126.756994841559,195.560665992583,10.7870866636825,427.168827738065,11.5457346984323,238.288257407767,16.0611541088208,1606.52291290214
"CNPMF645.250370802",75.671968978069,257.365100450704,57.6355662178673,5.37248868602167,137.160881834833,119.823287683092,52.4480267284779,10.6851933199246,340.119223495681,9.90792026348454,180.65066213341,12.1347637087356,1258.9750835003
"CNPMF646.250370803",80.1771035588381,187.554041214927,57.8544527087616,5.92372059318781,137.941890769063,119.212850537063,161.447164711809,11.1023499617085,412.422661282647,10.4248372577709,227.938900034648,12.5709204020397,1424.57089303246
"CNPMF648.250370814",169.999296887489,331.017385500394,88.2975042069647,6.05265916094967,174.125125640596,126.259092134262,168.463327078908,11.1507276211328,460.505260598701,9.38545147558745,260.580918877709,22.6312758394049,1828.4680250221
"CNPMF65.250370285",101.704079396852,229.616858628746,71.8042397420415,6.16951995253433,151.093448315459,119.470111603929,168.853615144877,10.5477415297466,NA,NA,NA,NA,859.259614314185
"CNPMF657.250370757",84.7709266119206,229.604056501871,45.931185904543,6.42769457130664,137.895202502449,110.312182841729,138.517815312565,10.435281446039,491.761336744091,9.07393144088028,281.425556858434,14.4198601223706,1560.5750308582
"CNPMF658.250370768",90.1003851253127,197.245071724246,48.7439667391502,6.87962911209959,133.354349217981,124.393560722006,174.721713596893,11.4372056440068,440.898634682653,10.4487460201492,247.698712157157,14.5907051940076,1500.51267993566
"CNPMF659.250370769",100.6098465789,248.672165645057,88.6749966019659,6.24196315272988,140.094314478994,115.39529314344,157.610709940056,10.2493345339479,421.826529796219,11.530653093302,234.993293805078,14.935991123933,1550.83509189362
"CNPMF66.250370296",77.6955917875864,195.268946335037,57.5821541397109,6.3027888073982,134.066708608502,107.324878849151,133.786489826011,10.2908335835905,398.260875867622,10.206331540992,219.428109827527,12.3086175324779,1362.52232670561
"CNPMF665.250370804",107.960825310447,246.618058474161,62.5795009553551,6.32698953652155,152.353406057818,118.176991151698,155.299805471749,10.2407222353422,461.127358676624,11.3117612077255,260.766217288139,16.2471808983498,1609.00881726393
"CNPMF670.250370829",79.3758201862792,253.199778626336,58.1948594825324,5.54349641013344,152.064261701079,120.86751632189,71.1928954345873,10.5513566391591,469.832777664333,10.0485094488893,266.832139618074,13.5607397280998,1511.26415126139
"CNPMF677.250370770",92.2646947181935,231.777077998089,62.6847103509537,5.73826423974035,137.556076738688,115.466835955707,183.666851418929,10.6439193514148,396.464001438262,11.1947744623721,218.223765639753,13.9057995781739,1479.58677189028
"CNPMF679.250370782",75.3011087885488,188.887836800599,33.6380966183141,5.49384509912496,128.03816423728,105.930386157131,114.910752025917,10.3808519658706,471.935412284317,8.72297120482004,268.391623751995,13.1182740235035,1424.74932295742
"CNPMF682.250370794",151.864109547192,295.587513774183,84.2078287714661,5.73231519312087,156.104416834758,123.026145757386,167.023509898523,10.3532846810456,520.655249549971,11.6627214437857,300.536617498208,23.1801289148239,1849.93384186446
"CNPMF694.250370807",85.9377663841869,208.698203492237,59.1274200941974,6.13034284439037,129.918135769027,121.548617532251,147.677042766421,10.8783566712535,516.177845792999,10.4248372577709,297.510784873082,14.1431443751315,1608.17249785295
"CNPMF697.250370819",105.499797691243,267.26488546847,65.2211851259631,5.67514858596557,152.393164021005,120.689977798668,127.561656783795,10.2878388110805,465.49467694978,10.3758672448982,263.852856648235,15.9636349724978,1610.2806901016
"CNPMF700.250370830",94.5899926028181,248.852271487149,62.7095387129237,5.49888663539955,140.903519836249,125.150435337088,146.787749799298,11.1915971898216,468.285736682434,10.5418240031243,265.396933084405,14.9410091234745,1594.84949449419
"CNPMF702.250370831",98.1398077872116,259.743185949786,63.1730439542129,6.62177846691654,141.866602235294,115.131901244744,133.410750248524,10.6044921879894,469.71538837275,10.3078505124175,266.377258893548,15.3961823580559,1590.48824221145
"CNPMF706.250370843",71.553254534238,218.871978569858,44.0786140807611,5.66071151150442,136.83970400454,110.065456462863,100.519142633927,10.3765936330083,514.071951125551,9.67394677277771,296.196985606625,14.02278390903,1531.93112284468
"CNPMF711.250370772",82.4929426829472,213.528195469802,68.3569974475242,6.3423991903086,136.508908808532,121.118738719854,213.681933193902,11.2561541665634,463.106656474027,10.609840735605,262.438125922995,13.8722367767505,1603.31312958881
"CNPMF714.250370784",142.454259978907,322.36739224644,77.1155539410648,6.52742224692736,166.740288895337,112.796614950665,154.183823356191,10.2594153889744,415.495795182571,13.4426937257217,242.431613584893,19.5069665400977,1683.32184003779
"CNPMF717.250370796",118.127841487995,255.359504497484,81.7195318151622,6.27268168032531,150.701934591525,125.362888012808,180.563174101123,10.9782339890518,435.564996886568,11.2966796025951,244.273668798122,15.8873742507827,1636.10850971354
"CNPMF718.250370797",102.510737548725,236.738962242796,68.1129957832242,6.44267922108607,142.309036189208,114.60188253225,170.46351049268,11.1350499592058,437.818857995593,10.4777723851212,245.578433099428,15.1909948745821,1561.3809123239
"CNPMF733.250370821",73.450899140633,238.899609331916,47.6908155960028,5.84544924623963,140.603812668046,105.760245301629,73.179225176685,10.1628891086483,435.213715286969,10.4928539902516,243.708437664654,12.5668497579801,1397.57480226965
"CNPMF74.250370321",100.785652529242,238.444426934427,49.4733379214879,5.70460415382843,140.579991993428,108.29741097098,149.662133139178,10.829062440064,448.39496423256,10.5947591304747,252.604111358684,15.2780583117733,1530.64851311613
"CNPMF776.250370890",63.3788335387184,210.094050135585,55.9137123190492,5.95623656414729,137.407075861789,107.690995308649,91.3230752288208,9.79597092579832,420.807316439067,11.7797081891392,234.462951699598,11.6599508016978,1360.26987701206
"CNPMF780.250370913",106.529225922109,294.602031445692,63.0749581523989,5.21135912078939,150.57114464429,124.392893597857,115.331309479839,9.83758183680085,435.343288498761,10.8621067201049,243.883296102487,15.3383088348379,1574.97750435597
"CNPMF781.250370914",118.918200782174,256.220252599572,80.3466947648161,6.07696937618936,156.141060284816,112.657079620237,179.232694272728,10.9002150174459,429.566924365852,12.2437609028446,240.174879666648,16.5829382435566,1619.06166989688
"CNPMF783.250370925",94.6599657444962,217.078280523835,65.1634126571286,6.14713327963719,140.312164387134,115.455138443457,148.146789543809,10.6070398891666,NA,NA,NA,NA,797.569924468664
"CNPMF785.250370926",100.323261478418,244.21447535652,81.6683077805021,5.71077045415262,144.325034962896,116.709199139292,162.577943290655,11.0530780262673,435.415827864177,11.4287479530789,244.026987024524,15.0410294094371,1572.49466273992
"CNPMF80.250370250",107.094437665588,292.05834376749,65.0956107573581,5.91061146384783,156.279122442634,127.443879056755,130.947501244403,10.5498138700232,NA,NA,NA,NA,895.379320268099
"CNPMF805.250370880",99.1483850390979,242.761263784114,63.8271296663796,5.56981614159347,142.704905853402,110.2987398801,144.040846137678,10.3685133719033,NA,NA,NA,NA,818.719599874267
"CNPMF806.250370891",107.708985820298,284.232051982022,70.2555455802983,6.02417731481259,151.757579890821,110.786239327698,134.254505234466,10.7272447060191,NA,NA,NA,NA,875.746329856434
"CNPMF807.250370892",95.9456887811909,243.107230183187,63.7721954926567,5.91856706956592,141.994601375427,120.705514820209,164.567062653861,10.9420092570769,439.657582855557,10.2437988944144,246.733522219184,14.8435892888555,1558.43136289118
"CNPMF808.250370903",143.006739461009,263.406853126774,86.3197624337191,6.40015345162984,149.103234730201,127.130774137648,225.085849456324,11.2925235608909,460.170628087479,12.6737302362509,260.524495115027,20.3086126284679,1765.42335642542
"CNPMF812.250370916",95.171766629289,237.987938341752,57.5976689546159,5.54316612281447,143.498990231154,117.954717925625,171.899061941011,10.5410311970659,419.259974816515,11.1947744623721,233.176522600767,14.5770577523223,1518.4026709753
"CNPMF813.250370927",110.028848845262,230.534149568869,74.9470877114528,6.21265338532049,160.341625996471,116.245989444878,193.640640372515,10.6450960725872,NA,NA,NA,NA,902.596091397356
"CNPMF816.250370951",95.0887824834746,223.408850672717,64.6605367070255,6.10493225027902,136.436932488312,110.011482885569,164.837985709391,10.6191763572392,479.963825667714,10.2437988944144,273.630874029571,15.3717013264131,1590.37887947212
"CNPMF820.250370881",61.4216397204436,212.58837463052,46.6781454165885,5.1046773163294,127.024863452225,112.863758569158,53.2729734418454,9.90495816161969,358.519675628741,10.2588804995448,192.32791286572,11.4495687982468,1201.41542850098
"CNPMF822.250370893",86.395539257558,207.283573361081,51.2239587603122,5.99568794710133,146.120612350355,122.347484319034,170.863584839617,10.8775798165106,415.903774759288,10.2437988944144,231.20039837744,13.6484314667044,1472.10442414942
"CNPMF84.250370263",80.4200211786624,230.200984610427,36.6352798805343,5.98566108597157,144.100646811676,105.323541870532,110.572981067608,9.99488257429211,418.63666392604,9.65886516764735,232.945684399054,13.3514671473207,1397.82667971977
"CNPMF841.250370954",115.48587774498,264.268225584147,76.8672558289873,5.90513982402281,146.466757600087,120.187727910428,165.54441203981,11.0135074844833,NA,NA,NA,NA,905.738904016945
"CNPMF842.250370965",125.44086501599,272.905281379883,65.4511765764256,5.8738583352328,154.724864139198,118.595129203518,161.013310598388,11.0861256290763,476.649501177797,9.67394677277771,271.302856881185,18.4781219767518,1691.19503768622
"CNPMF843.250370966",83.0134077402217,241.475914942083,50.19768098015,5.64955923048699,137.584981548715,108.714291176234,122.732017517219,9.96153091216525,438.17403402599,9.07393144088029,245.925972940045,13.8698942773161,1466.37321673151
"CNPMF847.250370895",97.3433672728917,279.14396241931,59.6361930008602,5.6521411990705,154.283344357738,119.894676291818,137.387190418433,10.5816366866472,439.230559899991,10.126812149061,246.597574381598,15.3084705658789,1575.1859286433
"CNPMF850.250370908",131.553119859587,270.342263848505,74.6068157378864,5.98325421065181,152.08525227474,119.441187219287,180.411194716746,10.4035270462569,428.354833560189,11.1591668085944,239.011367883598,17.3500207063087,1640.70200387235
"CNPMF851.250370919",124.814866693231,282.72248078191,76.6477615282274,6.26875739996212,163.499218120706,120.243858537082,168.264354972309,11.0402646434835,NA,NA,NA,NA,953.501562676911
"CNPMF856.250370931",91.7442537068525,251.430376325022,63.5363932623595,5.86833388510415,145.688664921034,115.947885962878,108.22279777753,10.249621206519,439.047869822458,12.013681679846,246.298239336139,14.4503027174751,1504.49842060322
"CNPMF857.250370932",123.696653968144,250.02254119533,65.1756897904616,6.26968352178961,155.325682716231,128.754846287641,234.241036523631,10.6852082401529,446.261964794198,10.7268274809584,251.19831244137,17.5598953235845,1699.91834228349
"CNPMF858.250370943",131.327993551133,264.444347102668,67.0762309501231,6.08358843233971,155.705287246756,121.379814136088,206.813195592276,10.9539534562477,467.999033415406,10.9608009716653,265.162150544447,18.9691307718014,1726.87552617095
"CNPMF859.250370944",110.140596593799,292.185230151089,70.826896609757,6.11933578583112,130.420130596071,111.34401919311,124.57379937081,10.3708553927708,427.026390469625,9.19533365986481,238.407389994912,18.6433575293209,1549.25333534696
"CNPMF866.250370956",82.6559005678441,229.954031222639,51.4896550665892,5.86120687090806,123.240482209818,103.080781016612,120.594510520615,10.3076497234351,457.743669142969,10.4777723851212,258.745576231585,13.4906546792204,1467.64188963736
"CNPMF867.250370967",80.0422078228718,211.847158816875,42.4235983621829,5.91096651316309,148.378769294511,107.837500310043,144.366318311345,10.5377825886749,470.84905157311,10.7117458758281,267.450305541175,13.6738344339382,1514.02923944372
"CNPMF873.250370897",107.681351813172,241.412147317565,76.5379082287406,6.20907349148029,131.773017500964,122.391861028156,161.746211663523,10.4770592308438,491.733474581493,11.3903153239437,281.16869209574,16.8827343639656,1659.40384663959
"CNPMF875.250370898",102.558090638636,238.29086138335,73.7491955697272,6.69596654948338,149.117961295323,116.780786917535,160.350094096753,10.9578101439927,408.93231411188,11.7797081891392,226.445634825384,14.3711585921181,1520.02958231332
"CNPMF879.250370922",73.476976004065,223.28438188314,59.8852486633085,5.83552266301533,136.382153178716,113.71987777828,120.86962364041,10.6630743663732,368.410772554108,11.5457346984323,199.243345521874,12.406447275603,1335.72315822732
"CNPMF889.250370958",74.4433058159404,247.138435033667,57.3239751034393,6.05794358516679,143.159714585148,118.149595697839,61.1249902544475,10.3364821058684,418.813114140282,10.3758672448982,232.980542567188,12.8112011109461,1392.71516724483
"CNPMF89.250370287",66.9898708669636,170.845309813547,33.203372607755,5.58156597652073,115.247192017192,111.096964181605,126.403039644467,10.067688409047,384.151890411807,10.9457193665349,209.877811537659,12.1441326861415,1256.55455751924
"CNPMF892.250370970",74.3478921685226,193.523158980513,53.7035849738763,5.31777712435602,122.175444912677,117.728254268308,134.92462651609,10.0998705282926,409.869804231325,11.1796928572417,227.273754283832,13.0197604861093,1373.16362133114
"CNPMF898.250370911",137.111340272603,308.909288926616,95.6988343673628,6.60660722259296,167.067287301958,133.352943033053,170.828136544309,10.6356598370691,407.570972463879,10.4291519489569,225.105142517507,14.8618537224484,1688.17721815836
"CNPMF900.250370912",68.6701012336824,217.891474950649,50.5084399580756,5.80306406681145,136.337441944645,104.712861858442,72.9233563969194,10.121776779751,404.352997612259,10.6564269987242,223.290792154549,11.9769368505613,1317.24567080507
"CNPMF906.250370948",71.7291094066982,219.172012869034,56.6585979884115,6.44184258700395,139.342767014888,106.932659636676,116.9717905696,10.6237143032491,474.680126854837,10.9608009716653,270.059412896131,12.8478292429207,1496.42066434111
"CNPMF907.250370959",97.0549356287963,232.72297728103,64.8646021031795,6.17476972647039,153.832936648207,111.616449884506,173.020089118929,10.6804805935336,401.967313031938,10.3607856397678,221.701208602332,14.3613146084848,1498.35786286717
"CNPMF91.250370299",89.2740128765138,227.358344161272,49.6118763068483,6.14723493749678,135.145628865596,112.884243256285,123.325415966825,10.9622451186285,NA,NA,NA,NA,754.709001489464
"CNPMF96.250370322",119.161722904404,303.113986397149,70.9212851598621,6.11837097140758,147.858228424681,122.802322711766,143.269663637731,10.2955575084533,NA,NA,NA,NA,923.541137715455
"Corrente.250494284",95.3816427908992,246.437729312181,64.3205580218793,5.51947305984228,148.559351696469,119.499337789289,123.52324124056,10.7038440436266,435.914742082889,9.79599997058496,244.399472504335,15.1900245759003,1519.24541708846
"Craibeirinha345.250437496",91.5601731442656,234.778042876149,58.0968727658008,5.59747995051492,145.686804856501,111.499036758157,126.103445743259,10.1537731685955,NA,NA,NA,NA,783.475629263243
"Cramuquem.250437504",90.1583245800302,239.831093896317,56.4955824721769,5.75974574969293,138.305059149753,111.072455744582,118.216609446451,10.3555591461078,NA,NA,NA,NA,770.194430185111
"CriaMenino372.250437506",100.283116501448,291.415005263068,72.4991201238304,5.57843181724084,154.545881023161,115.877717528625,125.729410647573,10.0384955378375,NA,NA,NA,NA,875.967178442785
"Dimmy03.250437515",86.3067780706132,222.616824226297,60.00410856742,5.61871631875494,139.747556718392,115.005931706548,138.3967345955,10.2785093109518,447.294588851088,10.3564221267276,250.002010262979,13.9810951481497,1499.60927590342
"Dourada.250380493",127.334928081552,271.758965159983,78.8110620544362,6.58616592132906,145.351975723192,130.386001826658,172.387831646681,10.2943908049552,394.423668778994,10.642652683941,216.435835889367,17.4011993580399,1581.81467792913
"Enrica_Homen_212.250437888",88.6059904662748,212.709845424317,50.6352844276513,5.68229634469157,148.739312686443,108.372674193087,132.012278359327,10.7814694569526,NA,NA,NA,NA,757.539151358743
"ERETA.250437577",105.572144552291,264.294057952459,86.9436558096294,6.89088056690644,140.099250138063,118.973884975179,144.888366732779,10.4275158347925,439.784564656142,12.7005205468361,246.877280143033,15.5790315660874,1593.0311534742
"Eucalipto.250380423",85.0108305001428,261.426398522509,54.0282872215545,5.81212371682969,146.744594700588,101.023279169118,114.284804657509,9.40623616076745,419.609515350532,11.0665446158931,233.228454446767,11.6855093460688,1453.32657840828
"FecBranca.250380434",117.91128890252,309.50472885488,70.9891452728148,5.88022566156138,156.196322156784,122.829855882401,119.130851953227,10.9995981069878,434.369521753618,10.3564221267276,242.743165794924,16.979775880928,1617.89090234737
"FilhaPreta.250380473",184.990691529743,310.106924101127,86.7924363236643,6.69460411483005,164.437288198856,144.190189081145,197.967102644716,11.1380420190536,478.1626529366,12.2170248528254,272.466112390258,25.5531884696123,1894.71625666243
"Formosa.250380467",181.334024849765,331.219366035022,97.4294041485405,5.8956845899932,174.610915525307,119.733595913807,172.61596592449,10.0117012348277,400.138920962107,12.7363407024854,220.270108038926,21.2640727803751,1747.26010070565
"GemaOvo.250380410",92.8579146367249,229.587919238288,71.223326783954,5.74885527142524,133.511175657592,117.909586942502,157.865330246092,10.6740964832649,453.519002215179,9.84106063961449,255.734453593872,14.1927640548689,1552.66548576338
"IAC_90.250437572",124.4205315739,350.327901208999,73.0912508619264,5.19460748720717,167.411826941106,117.219066825386,81.3101608451074,10.0798855087086,431.932787788887,9.93349793569802,241.616686174926,16.8806974474024,1629.41890059925
"IAC14.250380496",192.466977133507,369.194123849895,83.3176487502144,5.86718344110748,181.543822022838,125.062821218601,141.404373186957,10.3160491960975,410.217739853618,10.4815443958086,227.129010647043,22.3927535484632,1779.39404724415
"IAC576.250380485",140.484633556265,274.840152268375,99.5298824014388,6.37894918150343,151.736443830329,124.066077481509,174.84579210205,10.8149086622958,449.862541849417,12.6737302362509,253.520064507214,19.0347777792836,1717.78795385593
"Itapecurizinha201.250437581",94.9192113312611,271.316081767216,64.5231255803282,5.46978501131415,144.883209994576,111.549214076199,117.959817524455,10.6494590362466,NA,NA,NA,NA,821.269904321597
"Jari.250380448",110.387448368129,300.659245700426,91.8980833101456,5.54211274431383,142.790739544305,115.047824147413,125.401205482116,9.49216593540531,340.258768979446,11.2423994796365,180.50945257188,13.0335743264552,1446.26302058967
"Joaquinzinha201.250437575",92.4925903588291,271.585239196803,58.6208132512931,5.46790685869555,146.598193235433,110.133023357761,114.830279382516,10.1358281653147,NA,NA,NA,NA,809.863873806646
"Kiriris.250380478",132.961740961251,278.034807495175,81.0631541041794,6.17079449968049,146.759428436328,121.274173367342,164.033234094214,10.3870316583063,465.031505478367,10.2905669605341,263.241777659009,19.4921899102619,1698.74040462465
"ManiPeba226.250437587",96.9411181612626,245.335924582353,60.6315074209159,5.20849340120356,145.241803260518,111.019761326181,137.734675252551,9.54546115873462,NA,NA,NA,NA,811.65874456372
"Manteiga.250437597",86.0255054711509,252.740033784789,61.715173955154,5.52470222277217,135.363060723218,110.810395890091,117.443060060682,10.1499421616085,408.609551039228,10.5418240031243,225.760631353287,13.3040905317727,1437.98797119688
"MataFomeBranca384.250437599",97.2419689075951,357.684109360263,60.2403729571916,5.30683138416399,138.913423610977,116.586772900102,108.771880902612,9.69664786269907,NA,NA,NA,NA,894.442007885604
"MataFomePreta385.250437600",95.1324423508607,276.76686389251,55.8863884006707,5.41414038263833,152.283836853907,111.060771938738,117.884129870868,9.97518374734503,NA,NA,NA,NA,824.403757437538
"Mineira339.250437602",102.653304091086,243.251875101193,89.0417660496771,5.81180958672339,146.099400947945,115.754150069162,154.051838091977,10.4222129007022,NA,NA,NA,NA,867.086356838465
"Mulatinha.250380490",118.837405177551,255.061872025364,64.8386582702078,6.25761008592093,172.622244243945,123.657530448695,166.41457184304,10.7378962396664,476.604219085003,12.3882631248258,271.381041161072,18.3295624405575,1697.13087414585
"NegaMaluca.250437616",101.376744337754,274.042207064284,57.7984620212318,6.24832851622855,152.747818258198,120.489454815089,127.636961772643,11.3078357238223,387.175253989776,8.95694469552686,211.872720791187,14.3740413449453,1474.02677333069
"OuroP_o.250437617",109.236040284726,310.339452361003,55.9093813176556,5.47000518636731,154.867491557275,129.048989964577,115.278924480252,10.2336916012887,411.05860868451,10.4777723851212,227.691688443013,15.7396156686671,1555.35166193446
"PI86_113.250437628",65.8712305995524,194.235365460648,48.6277735726382,5.45058458589564,130.428657648974,111.161450488714,114.21751990438,9.94739821488347,414.982885238834,10.4388455455772,230.057576570073,10.7496669741062,1346.16895480428
"PotiBranca.250380449",91.6844028629152,215.369042716766,69.5280515772694,6.59149585026774,146.602991492382,108.932261994273,171.399842429743,10.9785716234254,416.276062951723,11.6390859232931,231.162952869418,13.7380107949308,1493.90277308641
"Preta213.250437640",83.2035567594731,221.244144964739,44.2544932061418,5.46462295390557,136.443345737599,109.907114530154,110.983342105782,10.2032986104606,NA,NA,NA,NA,721.703918868254
"PretaMacaxeira427.250437643",89.3147309964972,207.957492258133,49.4630556419089,5.8358119904937,128.255711268822,115.496234879168,135.719658325256,10.4491668046971,NA,NA,NA,NA,742.491862164976
"Rasgadinha202.250437645",99.8660358849932,248.153067120088,68.2402867674059,6.11637305030353,149.44639810329,116.786613900004,145.369428443689,9.99159513461755,NA,NA,NA,NA,843.969798404391
"Recife115.250437646",96.688412085753,237.939075290513,62.0532186862518,6.39005371336202,146.783052360479,117.467391200087,148.878995175456,10.8258804209502,452.531397102803,9.77585191300076,255.386368840655,15.2614719288894,1559.9811687182
"Rosinha364.250437680",87.4101271337652,222.295228933627,40.5864516701556,5.39665119842186,138.640692962906,114.92736338137,117.671032210347,10.4694986598022,NA,NA,NA,NA,737.397046150395
"Saracura.250437690",95.9002315544209,249.470361484433,63.0748202694014,5.88927015397249,143.733509327127,108.723501061183,136.76726506544,10.7677051027454,NA,NA,NA,NA,814.326664018723
"TME14.250494263",130.674880258528,286.153843329836,74.410437888551,5.48634770128363,157.119954531471,114.927271596788,159.464006440926,10.6163775667436,469.624268486278,10.4815443958086,266.887169386741,19.1712168590672,1705.01731844202
"Verdinha.250380491",158.495272597099,297.575464132151,108.985684370791,5.76950230274567,155.301577066446,121.855272489211,180.363257925203,10.8031336350747,468.967525133532,10.7954397495541,266.201051914648,22.043894454958,1807.15707577141
"Vermelhinho368.250437709",107.487044222529,262.523117331394,77.2907068819839,6.32769544269527,142.713142424639,121.913199874542,152.577987363727,11.2986422544815,NA,NA,NA,NA,882.131535795993
"CNPMF428.250370579",84.3622309856249,208.895309098745,NA,5.65744962119481,NA,NA,116.767907628239,10.1860475937012,397.042458561331,11.2243071488539,218.493982717701,13.7691438875575,1066.39883724295
"BGM0952.250437236",NA,NA,NA,6.05036048247598,NA,NA,126.126197989995,10.1394216166647,NA,11.2203914078399,NA,NA,153.536371496975
"CNPMF1155.250371022",NA,NA,NA,5.45011477233109,NA,NA,118.36527172135,10.2398599851396,NA,10.5417026647099,NA,NA,144.59694914353
"CNPMF1284.250372036",NA,NA,NA,5.81569886141283,NA,NA,110.238293292763,9.94741367720436,420.376557039409,10.2945272885279,232.11824030822,NA,788.790730467536
"CNPMF1534.250407005",NA,NA,NA,5.66568898214376,NA,NA,132.532593258371,11.0247166864639,NA,10.3946454017509,NA,NA,159.617644328729
"CNPMF1638.250407014",NA,NA,NA,5.6671900469536,NA,NA,122.559102613171,10.1458633144155,NA,11.3903153239437,NA,NA,149.762471298483
"Dimmy_06.250437895",NA,NA,NA,5.73756060830252,NA,NA,128.29008794302,10.3565740071595,NA,10.8763127571254,NA,NA,155.260535315607
"CNPMF1313.250372063",NA,NA,NA,5.46898388143192,NA,NA,NA,10.1565384746631,NA,10.5275895729708,NA,NA,26.1531119290658
"CNPMF44.250370271",NA,NA,NA,NA,NA,NA,NA,10.1883435631379,NA,11.0064249771543,NA,NA,21.1947685402922
