Data Medicao;EVAPORACAO DO PICHE, DIARIA(mm);INSOLACAO TOTAL, DIARIO(h);PRECIPITACAO TOTAL, DIARIO(mm);TEMPERATURA MAXIMA, DIARIA(°C);TEMPERATURA MEDIA COMPENSADA, DIARIA(°C);TEMPERATURA MINIMA, DIARIA(°C);UMIDADE RELATIVA DO AR, MEDIA DIARIA(%);UMIDADE RELATIVA DO AR, MINIMA DIARIA(%);VENTO, VELOCIDADE MEDIA DIARIA(m/s)
01/01/2016;15,5;11,9;0;35,8;29,8;25;63;54;4,4
02/01/2016;12,5;11,5;0;36,9;31,5;25,7;61;61;2,1
03/01/2016;12,8;11,6;0;38,4;32,2;27,5;56;57;3,3
04/01/2016;13,6;5,7;0;36,6;28,4;24,8;81;55;2,5
05/01/2016;8,6;6,5;23,2;34,2;26,5;23,1;87;87;3,4
06/01/2016;7,6;2,5;,6;31,6;25,1;22,7;91;87;2,5
07/01/2016;4,1;2,3;34,7;31;26,1;22,1;84;90;1,7
08/01/2016;4,7;,2;36,6;27;24,2;21,5;89;81;1,7
09/01/2016;2,1;,9;10,6;35,2;27,9;23,1;77;82;2,5
10/01/2016;8,1;11,7;0;33,6;28,9;23,5;65;74;4,2
11/01/2016;12,1;9,7;0;33,4;29,1;24,3;69;60;3
12/01/2016;11;10;0;34,4;29,7;24,3;65;66;2,1
13/01/2016;12,2;4,4;0;32,6;28,9;25,9;71;61;2,1
14/01/2016;7,3;0;1,4;29,2;25,4;22,4;90;68;,9
15/01/2016;3,1;7,8;3,2;33,2;28,6;23,5;79;85;1,3
16/01/2016;7,4;5;0;33,3;27,4;25,3;67;76;2,5
17/01/2016;5,3;,1;5,4;26,8;23,9;22;94;85;1,7
18/01/2016;1,1;4,8;25;30,8;25,8;21,9;83;85;2,1
19/01/2016;4,1;3,7;3,4;31;27,2;23,2;76;82;2,1
20/01/2016;5,5;0;,4;28,4;24,2;22,1;94;70;1,3
21/01/2016;1,3;1,9;34,6;29,2;24,4;22,1;94;91;1,3
22/01/2016;1,5;0;28,4;23,8;22,8;21,5;95;95;1,3
23/01/2016;,8;5,7;64,2;30,9;26,5;21,5;86;91;1,3
24/01/2016;3,4;0;1,8;27,8;24,7;23,7;93;83;,9
25/01/2016;2,5;2;1,8;28,6;25,8;23,5;92;87;1,3
26/01/2016;1,8;6,2;4;31,2;26,9;23,9;86;87;,9
27/01/2016;4,9;6,7;0;31,8;27,6;24,9;78;81;2,1
28/01/2016;6,5;4,5;1,4;30;25,3;22,3;87;76;1,7
29/01/2016;4,9;10,3;0;31,6;26,8;22,6;70;76;2,5
30/01/2016;9,7;11,4;0;31,5;25,9;22,5;76;67;2,9
31/01/2016;9,6;11,9;1,2;31;25,8;21,7;76;72;3,4
01/02/2016;7,3;9,6;12,8;31,2;25,8;21,1;77,3;64;1,7
02/02/2016;6,9;3,6;1;29,2;26,1;22;77;70;2,4
03/02/2016;6;,3;0;28,3;26,2;23,7;79,8;75;2,2
04/02/2016;5;8;0;30,6;26,8;23;74;64;2,3
05/02/2016;7,2;10,6;0;31,8;27,3;22,7;66,5;55;2,8
06/02/2016;8,9;10,8;0;31,6;27,5;23,3;68;55;2
07/02/2016;10;11,6;0;31,4;26,8;22,4;67,3;56;2,9
08/02/2016;9,6;10,1;0;32,2;27,2;22,1;61,8;44;2,5
09/02/2016;12,3;11,8;0;32;27,5;22,9;65,3;52;2,7
10/02/2016;9,9;8,2;0;32,4;28,3;24,1;67,5;61;1,9
11/02/2016;8,6;11,1;0;33,6;28;24,3;70;54;2,3
12/02/2016;9,2;11,2;0;34,8;29,7;24;63;52;2,5
13/02/2016;12,3;6,9;0;33,8;29,1;25,9;72,5;64;1,7
14/02/2016;7,9;2,7;,4;31;24,7;21,9;86,3;75;2,2
15/02/2016;3,7;8,1;10,8;32,4;27,1;21,9;73;56;1,9
16/02/2016;8,3;7,3;1;31,9;27,7;22,1;67;54;3,3
17/02/2016;9,9;11,5;0;32,6;27,7;22,3;62,8;48;2,8
18/02/2016;12,3;10,7;0;32;27,7;23;70,5;58;2,5
19/02/2016;8,7;8;0;31,6;26,2;23,7;76,5;62;3
20/02/2016;8,4;8,9;0;32,8;27,7;23,3;70,5;58;3,3
21/02/2016;10,9;11,5;0;32,8;27,8;22,3;63,3;52;3,7
22/02/2016;12,2;11,5;0;33,2;28,1;22,5;61,3;48;2,8
23/02/2016;10,2;11,6;0;33;28;22,7;62,8;52;3,4
24/02/2016;11,9;11,4;0;33,4;28,8;24,1;63,5;48;3,3
25/02/2016;11,6;6,7;0;32,8;28,5;23,9;66;57;2,7
26/02/2016;10,1;5,6;0;31,6;27,4;23,7;72,3;62;1,4
27/02/2016;9,1;11,3;0;34,8;29,2;23,5;58,5;44;3,2
28/02/2016;13,3;10,5;0;34,4;28,9;23,3;62,8;49;2,5
29/02/2016;12,4;11,6;0;35;29,1;23,7;61;49;2,2
01/03/2016;15,5;10,6;0;34,2;28,9;24,2;59,3;51;2,9
02/03/2016;14,2;11,7;0;34,2;28,4;23,1;60,3;45;3,1
03/03/2016;13,3;10,9;0;34,8;29,3;23,4;60;50;2,2
04/03/2016;12,5;9,9;0;35;29,9;25,1;63;52;3
05/03/2016;11,6;9,2;,4;35,2;30,1;25,1;60;50;2,9
06/03/2016;13;11,3;0;35,6;29,7;24,5;58,3;46;2,8
07/03/2016;13,4;11,4;0;34,6;29,2;23,7;58;45;2,8
08/03/2016;12,2;7,7;0;33,6;28,8;23,8;63,3;56;2,3
09/03/2016;10,3;10,1;0;34,8;30;24,7;56,8;50;2,3
10/03/2016;12,1;9,6;0;34,6;29,8;24,6;58;49;2,3
11/03/2016;12;11,5;0;35,6;30,3;24,7;55;45;1,4
12/03/2016;12,4;10,4;4,3;35,9;30,3;24,8;57;48;2,5
13/03/2016;11,8;10,4;0;35,2;29,6;25;59,3;42;1,9
14/03/2016;15,3;11,4;0;34,8;29,5;23,9;57,3;47;3,9
15/03/2016;17,1;11,4;0;35;29,3;23,3;55,3;44;2,5
16/03/2016;17,5;11,3;0;35;29,3;23,3;55;44;2,8
17/03/2016;14,5;8,9;0;34,2;29,6;24,1;58;49;3
18/03/2016;11,5;5,6;0;34,6;29,3;25,1;61,8;50;3
19/03/2016;14;8,1;0;35,8;30,6;25,6;57,3;46;2,5
20/03/2016;10,7;9,7;0;35;30,1;25,7;61,3;50;2,7
21/03/2016;13,3;5,9;0;34,1;29,8;25,3;60,5;51;1,9
22/03/2016;12,4;6,6;0;34,8;30,1;25,5;59,8;50;2,4
23/03/2016;13,4;11,2;0;36,9;30,8;26,1;57;43;2,8
24/03/2016;14,4;8,7;0;35,9;30,7;26,4;58,3;48;2,7
25/03/2016;13,7;9,7;0;35,2;29,9;24,5;58;50;2,5
26/03/2016;13,4;10,4;0;35,7;30,2;25,1;56,8;45;2,6
27/03/2016;13,2;8;0;35,4;30,1;25,3;58;47;2,5
28/03/2016;13,5;10,8;0;35,6;29,7;24,1;57;44;3,3
29/03/2016;14,4;11;0;35,6;30,5;24,7;54,5;46;2,8
30/03/2016;13,3;3,7;0;31,9;27,4;23,5;76,5;51;1,9
31/03/2016;6,6;11,3;7,8;34,2;28,9;23,9;61;52;3,2
01/04/2016;null;9,1;0;33,6;28,3;23,6;64,5;51;1,9
02/04/2016;12,2;7,6;0;33,6;28,3;23,7;62,3;54;2,6
03/04/2016;11,5;9,3;0;34,6;29,1;24,1;58,8;48;2,6
04/04/2016;12,8;9,7;0;34,1;29,1;24,6;58,5;49;2,2
05/04/2016;11,6;4,4;0;34,6;27,7;24,3;70,8;49;3,2
06/04/2016;10,1;7,1;0;34,3;30;25,3;58,8;49;2,5
07/04/2016;11,4;10,9;0;34,8;29,8;24,8;58,5;43;2,7
08/04/2016;11,7;10,7;0;34,8;30;25,1;60;50;2,2
09/04/2016;10,6;11;0;36,8;31,3;25,8;53,3;44;3,4
10/04/2016;14;6,6;0;34,2;30,1;25,1;59;49;2,8
11/04/2016;11,4;9,7;0;35,1;29,9;24,8;57,3;48;2,8
12/04/2016;13,4;8,2;0;35;30,3;25,3;55,5;46;3,1
13/04/2016;13,8;10,9;0;34,6;29,1;22,9;56,3;48;2,2
14/04/2016;15,2;2,3;0;31;27,2;24,1;76,3;54;2,4
15/04/2016;6,4;9,5;2,7;33,8;28,5;23,3;61,3;49;3,3
16/04/2016;12,6;9,1;0;33,6;28,8;23,2;57,5;48;3,2
17/04/2016;13,5;10,9;0;34,6;28,5;21,5;57,5;42;4,1
18/04/2016;13,9;5,4;0;31,8;28,6;24,3;61,3;60;4,1
19/04/2016;11,8;9,5;0;33,6;27,9;22,1;59;47;3,5
20/04/2016;12,6;9,6;0;33,4;27,9;22,3;55,5;44;3,3
21/04/2016;13,4;8,8;0;33,6;28,2;22,9;55;48;3,2
22/04/2016;13,8;11;0;34,2;28,8;23,5;56,8;49;2,5
23/04/2016;13,5;10,9;0;34,2;28,8;24,4;54,5;45;2,8
24/04/2016;13,6;11;0;33,8;28,3;23,4;58,5;46;2,9
25/04/2016;12,8;9,3;0;34,1;29;23,3;55,8;45;2,5
26/04/2016;13,7;10,9;0;35,2;29,3;23,5;54,8;44;2,8
27/04/2016;12;10,9;0;35,5;30;24,3;57,8;51;2,5
28/04/2016;12,5;10,8;0;35,5;30,4;25,1;56,8;47;2,9
29/04/2016;13,6;10,4;0;34,6;29,4;24,5;58,3;48;2,8
30/04/2016;14;8,1;0;34,4;29,5;24,9;57,8;47;2,5
01/05/2016;12,6;10,3;0;35,4;29,9;24,1;55,8;48;2,2
02/05/2016;14,5;10,6;0;34;28,9;23,9;56,3;47;2,9
03/05/2016;13,6;2,5;0;30,8;26,4;24,7;75,8;53;3,5
04/05/2016;7,9;10,4;0;33,3;27,5;23;63,5;49;3,4
05/05/2016;12,1;10,5;0;33,4;28;21,9;57,5;48;3,1
06/05/2016;13,1;10,5;0;33,6;28,5;23,1;54,5;44;3,6
07/05/2016;13,9;9,2;0;33,9;28,6;23,1;55;45;3,3
08/05/2016;13;10,5;0;33,2;27,9;22,3;55;43;3,6
09/05/2016;13,3;10,9;0;33;27,5;21,8;59,5;46;3,5
10/05/2016;13,1;6,2;0;32,1;27,5;22,3;63,3;55;2,7
11/05/2016;10,5;7,5;0;34,2;28,9;24,1;60;54;3,3
12/05/2016;11,2;10;0;33,8;28,6;23,1;58,5;52;2,6
13/05/2016;11,5;9,7;0;34,6;28,5;22,9;55,8;41;2,2
14/05/2016;13,4;10,9;0;34,8;28,3;23,2;57,8;42;3,4
15/05/2016;12,6;8,5;0;32,9;27,3;23,8;68,5;53;4
16/05/2016;10,3;6,4;,2;31,8;26,6;22,8;71,3;61;2,7
17/05/2016;9,2;10,9;0;34,9;28,7;22,5;61,8;52;3
18/05/2016;11,7;10,1;0;34,4;29;23,6;59,3;50;2,1
19/05/2016;12,1;8,4;0;33,6;28;23,7;60,3;50;2,9
20/05/2016;13,1;10,3;0;32,5;27;21,8;56,3;44;2,8
21/05/2016;13,4;10,7;0;33,6;28;21,8;57,3;46;2,8
22/05/2016;12,1;11;0;33,6;27,7;22,8;57;40;2,5
23/05/2016;13,5;9,6;0;34,2;29;22,6;60,5;49;2,4
24/05/2016;12,7;6,6;0;33,8;28,2;26;70,8;55;2,8
25/05/2016;8,1;2,4;0;29,6;25,2;23,5;79,3;66;3,3
26/05/2016;6,3;4;0;29,3;25,2;22,6;74,3;64;2,8
27/05/2016;7,3;8;0;30,1;25,7;22,6;71,5;59;3,4
28/05/2016;7,7;10;0;31,9;27,2;22,5;64,8;54;2,9
29/05/2016;9,7;9,5;0;32,4;26,6;22,4;68,8;56;3,8
30/05/2016;8,2;2,7;0;30,2;26,3;23,2;73,3;66;2,5
31/05/2016;8,2;8;0;31,7;26,6;23,1;68,8;56;3
01/06/2016;8,6;10,8;0;33,2;27,2;22,1;60,8;45;2,2
02/06/2016;12,1;9,6;0;33;27,2;21,5;59,8;48;2,2
03/06/2016;10,4;9,1;0;33,4;27,5;21,9;63,5;52;1,7
04/06/2016;10,4;8,4;0;35,2;29,3;23,7;56,5;44;2,7
05/06/2016;14,1;9,3;0;33,8;28,8;23,7;61,8;51;2,8
06/06/2016;12,1;10,6;0;34,1;28,6;23,4;56,5;47;2,2
07/06/2016;11,7;10,5;0;34,2;28,5;22,6;61,5;49;2,4
08/06/2016;10,5;10,6;0;35,2;29;22,3;56,5;46;1,7
09/06/2016;13,6;9,8;0;34,4;28,2;22,8;61,5;49;2,6
10/06/2016;11,5;8,8;0;32,8;27,4;22,7;63;51;1,1
11/06/2016;11,3;10,7;0;34;27,8;21,5;59;50;2,6
12/06/2016;13;10,8;0;32,6;27,3;22,5;58;45;2,9
13/06/2016;12,1;10,7;0;32,4;26,7;21,5;56,8;43;2,8
14/06/2016;13,8;9,5;0;31,4;25,2;21,9;65,3;51;3,9
15/06/2016;10,7;10,2;0;29,6;24,7;20,5;68,5;54;3,3
16/06/2016;9,7;9,6;0;30,6;26,3;24,5;65;54;3,8
17/06/2016;11,5;1,3;0;27;24;22;73,8;64;3,6
18/06/2016;7,1;7,4;0;29,7;24,7;21,9;72,3;57;2,8
19/06/2016;8,2;9,7;0;30,6;24,3;21,3;81;60;2,2
20/06/2016;7,4;10,6;1,2;30,6;25,2;20,1;63;49;3,3
21/06/2016;10,7;10,3;0;31;25;20,4;66,3;47;3,7
22/06/2016;11,3;1,6;0;28,2;24,2;22,1;73,8;63;4,2
23/06/2016;7,9;10,1;0;31;25,5;20,6;63,5;52;3,2
24/06/2016;11,1;10,7;0;30,2;24,9;20,2;64,8;54;2,5
25/06/2016;10,2;7,6;0;30,3;24,8;20,9;68,3;54;4,8
26/06/2016;9,9;5,4;0;30;23,8;21,5;74;58;4,4
27/06/2016;8,4;4,1;0;27,4;24,4;20,1;67;60;3,9
28/06/2016;8,8;8,7;0;29,6;24,5;19;61,5;53;3,9
29/06/2016;10,7;9,4;0;30,8;25,1;20,5;63,8;46;2,8
30/06/2016;11,6;10,2;0;30,6;25,3;21,3;63,5;49;4,9
01/07/2016;11;8,8;1;30;24,7;20,4;68,5;52;3,3
02/07/2016;8,5;5,6;0;29,4;24,8;21,1;63,3;58;3,7
03/07/2016;9,9;9,2;0;30;25,1;20;65,5;52;2,8
04/07/2016;11,1;9,7;0;30,2;25,4;20,5;64,8;52;3,5
05/07/2016;11,3;9,7;0;30,7;24,1;20,9;74;53;4,1
06/07/2016;8,5;8;0;30;25,2;20,7;64,3;54;2,5
07/07/2016;9,3;10,9;0;31,8;26,2;21,4;62;48;3,1
08/07/2016;10,2;8,6;0;32,6;26,4;21,3;64,3;50;2
09/07/2016;11,4;10,5;0;31,4;26,2;21,4;59;46;3,8
10/07/2016;11,8;9,8;0;29,5;24,4;21,5;70;59;3,4
11/07/2016;9,2;10,4;0;31,2;25,4;21,2;64,5;52;2,7
12/07/2016;11,1;10,4;0;31,4;26,2;21,1;58;48;2,9
13/07/2016;10,9;10,8;0;32,2;26;20;57,5;46;2,5
14/07/2016;11,6;10,8;0;31,4;25,6;20,4;61;47;2,8
15/07/2016;11,5;10,8;0;31,8;26,2;20,9;57,3;45;2
16/07/2016;12,3;10,9;0;32,4;25,8;19,9;60,5;45;2,3
17/07/2016;8,7;10,8;0;34,2;26,4;20,8;59,3;39;1,7
18/07/2016;11;10,8;0;34,6;28,1;21,8;49,3;39;2,7
19/07/2016;14,5;10,9;0;32;26,4;21,1;55,5;43;3,1
20/07/2016;12,5;10,8;0;31,4;25,7;19,9;59;47;2,5
21/07/2016;12,1;10,9;0;31,4;25,7;19,9;58,5;45;2,9
22/07/2016;13;10,8;0;32,2;25,9;22,1;55,8;40;3
23/07/2016;13,3;10,5;0;30,8;25,1;19,8;56,3;43;3,7
24/07/2016;12,5;9,8;0;31,3;25,7;20,7;57,3;45;3,6
25/07/2016;12,1;10,6;0;30,4;25,1;19,4;54,5;46;3,8
26/07/2016;13,6;9,8;0;30,6;25,1;19,5;56,3;40;4,3
27/07/2016;13,5;10,4;0;31;25,5;19,3;56;46;3,3
28/07/2016;13,4;10,3;0;31,6;25,7;20,7;64,8;46;4,4
29/07/2016;12,6;9,5;0;30,1;25;20,7;58,5;46;4,4
30/07/2016;13,6;9,1;0;30;24,1;20,4;68,3;48;4,9
31/07/2016;10,4;10,7;0;30,4;23,6;19,7;67,8;49;3,6
01/08/2016;10,8;5,4;,2;28,6;23,3;19;71,8;60;3,3
02/08/2016;7;7,4;0;29,6;24,4;18,7;62;52;3,6
03/08/2016;10,5;9,5;0;29,8;24,7;18,9;61,3;54;3,6
04/08/2016;14;10,7;0;30,8;24,9;18,8;56,8;40;3,8
05/08/2016;14,5;10;0;30,4;24,9;19,7;64,3;56;3,3
06/08/2016;11,5;11,2;0;31,6;25,7;19,5;55,3;42;3
07/08/2016;13,7;11,2;0;31,2;25,6;19,5;54,5;43;2,9
08/08/2016;12,6;11,1;0;32,4;26,2;20,1;56,5;44;2,6
09/08/2016;11,9;11;0;31,9;26,3;20,3;56,5;45;3
10/08/2016;13,5;11,1;0;32,8;26,7;20,8;52,5;39;3,3
11/08/2016;14;10,8;0;33,9;27,4;20,9;57;48;3,2
12/08/2016;13,5;10,2;0;33;26,7;21,1;56,5;42;3,1
13/08/2016;14,4;11;0;32,2;25,9;19,7;58;43;3,8
14/08/2016;14,5;10,8;0;32,2;26,3;20,1;58,3;44;3
15/08/2016;13,6;11,1;0;33,6;26,8;19,8;49,3;39;2,6
16/08/2016;13,3;11;0;33,6;27,7;21,5;61,8;47;2,3
17/08/2016;11;10,8;0;34,6;28,2;22;56;43;3
18/08/2016;13,6;10,3;0;34,1;27,8;21,5;55,3;41;3
19/08/2016;14,5;10,5;0;32,4;26,7;21,1;57,3;45;3,3
20/08/2016;13,7;6,7;0;32,6;27;22,4;60,8;48;2,1
21/08/2016;11,2;8;0;32,6;26,9;22;63,8;52;2,2
22/08/2016;10,2;11,1;0;37,2;29,1;20,9;48,5;34;2,9
23/08/2016;16,9;11,2;0;33,2;27,5;21,5;51,3;43;4,9
24/08/2016;15,4;6,4;0;30,6;25,9;20,7;60,3;49;4,2
25/08/2016;11,9;5,5;0;28,4;23,4;20,5;78,3;61;3,6
26/08/2016;6,8;8,2;,4;29,6;24,8;20,3;66;55;3,9
27/08/2016;11,1;7,6;0;30,9;25,4;21,1;68,3;54;4,9
28/08/2016;11,1;10,2;0;31,2;25,7;20,9;55,5;45;2,9
29/08/2016;14;9,7;0;31,6;26;21,1;60;47;3
30/08/2016;11,9;9,9;0;32,5;26,8;21,1;58;48;3,1
31/08/2016;12,8;8,3;0;31;26,6;22,8;64,5;55;3,6
01/09/2016;11,7;9,2;0;32,2;26,5;21,5;57,5;44;3,6
02/09/2016;14,1;9,9;0;32,6;26,8;21,5;56,5;43;4,8
03/09/2016;15,1;10,2;0;33;25,9;21,3;61,3;40;5
04/09/2016;13;9,3;0;32;26,1;20,7;60,3;47;3,9
05/09/2016;11,7;7,8;0;31,5;26,1;21,1;62,3;50;3,4
06/09/2016;12,1;10,1;0;32,5;26,2;21;58,8;45;4
07/09/2016;13,9;11,4;0;33,2;27,2;21,1;56;45;3,3
08/09/2016;14,6;10,9;0;33,6;27,7;21,7;53,8;46;3,2
09/09/2016;14,6;11,3;0;32,9;26,4;20,4;55,3;41;4,5
10/09/2016;15,4;9,8;0;32,2;26,9;21,5;55,3;47;2,8
11/09/2016;14;9,7;0;32,4;26,9;21,8;59;47;3,1
12/09/2016;12,8;6,9;0;32,4;27,3;21,4;57;48;3,3
13/09/2016;17;9,9;0;33,4;27,3;21,1;52,8;40;3,6
14/09/2016;15,9;10,6;0;34,4;27,7;21,5;59,5;45;3,3
15/09/2016;15,2;11,1;0;34,6;28,5;20,9;51,8;43;2,6
16/09/2016;15,3;11,1;0;35,6;29,5;22,9;55,5;45;3,6
17/09/2016;15,8;5,7;0;33,9;28,7;24,1;56,8;49;2,2
18/09/2016;13,9;9,9;0;32,2;27;22,5;58,3;47;3,2
19/09/2016;15;11,1;0;33,4;27,3;20,8;56,3;46;3,2
20/09/2016;14,5;11,2;0;35,8;28,5;22,2;55,3;44;2,5
21/09/2016;13,6;11,2;0;36,8;30,3;23,5;52,8;48;3
22/09/2016;14,5;6;0;33,2;28,4;23,8;58;46;3,6
23/09/2016;14;9,3;0;33,4;28;23,5;60,3;48;2,8
24/09/2016;14,1;8,6;0;33;28,4;23,3;57,3;51;2,7
25/09/2016;13;11,3;0;35,2;29,1;22,5;56,5;47;2,2
26/09/2016;14,1;10,6;0;34,6;29,7;23,5;54,3;48;2,6
27/09/2016;13;8,6;0;34,8;28,9;24,3;57,5;45;3,9
28/09/2016;13,6;6,9;0;34,6;28,3;23,7;60;47;3,6
29/09/2016;13,7;5,9;0;32,4;27,8;23,9;63,8;55;3,3
30/09/2016;11,8;11,1;0;35,4;29,7;23,4;50,8;44;2,6
01/10/2016;14,8;10;0;35,2;29,8;24,5;53;43;3,4
02/10/2016;16,6;10,1;0;34,8;28,4;22,4;52,5;43;3,4
03/10/2016;17,2;9,4;0;34,6;28,7;22,3;50,5;39;3,3
04/10/2016;16,8;8,8;0;34,4;28,5;23;58,3;47;2,2
05/10/2016;12,5;11,3;0;36;29,8;23,5;58;45;1,1
06/10/2016;13,8;8,9;0;36,6;30,5;26,8;59,3;46;2,5
07/10/2016;12,3;3,6;,2;31,4;27,4;25,1;76,3;63;2,8
08/10/2016;6,8;5,8;0;36,2;28,2;24,5;69,8;51;2,2
09/10/2016;9,4;11;0;36,2;29,9;23,7;52,5;41;2,2
10/10/2016;15,6;10,1;0;34,8;28,9;23,1;49,5;41;3,9
11/10/2016;18,6;11;0;33,8;28;22;53,8;45;3,3
12/10/2016;17,1;6;0;33;27,5;22,1;58,5;46;3,7
13/10/2016;12,9;10,5;0;34,8;28,9;22,1;52,3;42;3,9
14/10/2016;16,3;10,4;0;34,4;29,2;24,2;50,5;38;3,3
15/10/2016;17;9;0;33,8;28;22,1;53,5;40;2,7
16/10/2016;15,5;11,5;0;35;29,1;22,7;50;36;3,7
17/10/2016;16,7;9,9;0;35,2;29,9;24,1;50,3;43;3,3
18/10/2016;15,4;10,9;0;35,4;30,1;24,4;50;43;3
19/10/2016;14,8;11,5;0;35,8;29,6;23;53,8;44;2,8
20/10/2016;15,2;11,3;0;34,7;29,5;23,9;58,5;49;2,6
21/10/2016;12,1;11,1;0;34,8;29,9;23,7;56,5;48;2,7
22/10/2016;12,9;11,3;0;35,8;30,3;24,5;53;44;3,2
23/10/2016;18;6,7;0;34,2;29,6;24,9;50,8;44;3,5
24/10/2016;17,4;11,1;0;33,8;28,3;22,4;59,3;48;3,4
25/10/2016;16;9,3;0;35;29,2;22,7;57,3;43;3
26/10/2016;18,8;11;0;35,9;29,5;22,9;51,3;35;3,2
27/10/2016;19,5;11,4;0;35,4;29,1;22,7;56,5;44;3,2
28/10/2016;15,6;11,5;0;37,2;30,9;23,6;50;40;2,8
29/10/2016;18;11,6;0;37,6;31,3;24,8;47;34;2,8
30/10/2016;19,4;8,4;0;35;29,5;24,9;54,5;41;3,8
31/10/2016;16,1;10,6;0;35,2;29,5;22,6;51,5;46;3,8
01/11/2016;17;11,6;0;35,2;29,8;23,8;47,5;36;4,8
02/11/2016;19,1;11;0;34,8;28,9;22,3;48,5;37;4,4
03/11/2016;18,3;11,2;0;34,4;28,6;22,7;54,3;46;4,6
04/11/2016;15,4;10,9;0;34,6;29,2;23,4;53;41;3,5
05/11/2016;17,3;11,1;0;34,2;28,7;22,8;54,3;41;4,2
06/11/2016;16,6;8,4;0;34,8;29,3;23,3;54,5;45;3,3
07/11/2016;17,9;9,4;0;34,2;29,5;23,3;52,3;45;3,6
08/11/2016;17;10,5;0;35,2;29,8;23,2;56;47;2,9
09/11/2016;15,9;8,5;0;34,8;29,1;23,6;60,8;56;3,1
10/11/2016;14,4;8,7;0;34,2;29,4;24,1;64;54;3,1
11/11/2016;13,6;9,9;0;35,1;30,2;24,7;60;49;3,2
12/11/2016;14,5;8,7;0;35,4;30,4;26;58,8;44;3
13/11/2016;14,4;8,8;0;34,6;28,6;26;68,8;53;2,7
14/11/2016;13,2;8,4;0;35;29,5;25,1;58;47;3
15/11/2016;13,4;5,5;0;36;30,2;26,1;61,3;46;3,7
16/11/2016;9,8;4,2;3,6;35;27,2;24,1;78,8;59;2,5
17/11/2016;6,5;5,1;8,6;34,8;28,9;23,9;72,5;60;2,6
18/11/2016;9,7;11,1;0;36,2;30,9;25;59,8;51;2,8
19/11/2016;12,2;6,3;0;36;30,3;26,3;66;60;2,2
20/11/2016;9,6;4;1,3;32,1;26,9;24,5;82,5;66;2,1
21/11/2016;7,4;6,2;3;31,8;27,9;23,5;70,5;65;2,7
22/11/2016;11;7,8;0;34,6;29,3;23,9;65,5;50;2,6
23/11/2016;12,6;11,4;0;36,8;30,6;23,6;58;49;2,5
24/11/2016;15,1;11,6;0;38,6;32,3;25,1;47;35;3
25/11/2016;21;11,8;0;37,7;31,4;25,5;46;28;3,1
26/11/2016;21,5;11,5;0;35,6;29,5;22,6;48,8;32;3,5
27/11/2016;19;11,5;0;36,2;30,3;23,1;47,8;32;3,1
28/11/2016;17,1;10,1;0;35,8;29,8;24,5;52;37;3,1
29/11/2016;17,2;12;0;37,2;30,7;24,1;39,8;26;3,3
30/11/2016;18,6;11,8;0;36,8;31,3;24,5;47,5;40;2,5
01/12/2016;15,1;9,7;0;36,2;31;25,3;50;43;2,5
02/12/2016;16,4;7,8;0;35;30,3;25,1;60;45;2,7
03/12/2016;13,4;11,6;0;36,2;30,6;24,7;55;57;2,8
04/12/2016;14,7;10,8;0;37,2;31,4;25,3;54;51;2,1
05/12/2016;15;11,5;0;38,4;32,6;26,9;59;48;2
06/12/2016;14,7;11,5;0;38,4;33,2;28,1;55;54;2,8
07/12/2016;14,8;10,5;0;38,6;32,9;27,5;56;55;2,3
08/12/2016;14;10,8;0;37,6;31,6;28,3;63;56;2,7
09/12/2016;12,5;8,5;0;36,1;31,3;26;60;66;2,9
10/12/2016;13,8;11,1;0;36,5;31,6;26,1;58;54;3
11/12/2016;13,1;9,5;0;36,6;31,9;27,1;64;54;1,4
12/12/2016;14,3;10,4;0;38;31,9;24,7;59;54;2,5
13/12/2016;15,2;5;0;33,2;27,6;24,9;71;61;2,9
14/12/2016;6,5;11;4,7;35,2;30,5;24,7;58;72;2,7
15/12/2016;13,4;10,6;0;35,8;30,7;25,1;59;51;3
16/12/2016;16,2;5,3;0;32,4;28,5;24,3;67;56;3,1
17/12/2016;14,8;7,4;0;34;26,9;23,3;72;67;4
18/12/2016;10,1;3,3;1,6;31,8;27,3;22,9;65;72;4
19/12/2016;13,8;3,5;0;32,6;27,5;23,9;69;62;3,7
20/12/2016;11,7;7,6;,6;33;28,5;23,8;63;62;4,1
21/12/2016;12,6;8,3;,5;34;28,7;23,1;64;64;3,7
22/12/2016;13,5;9,4;0;35;29,6;23,5;61;60;3
23/12/2016;16,9;10,9;0;32,7;27,8;23,2;68;58;2,5
24/12/2016;12,9;11,1;0;34,8;29,4;23,7;58;67;3,2
25/12/2016;17,2;8,9;0;35,8;29,5;23,1;61;53;2,5
26/12/2016;14,1;10,9;0;36,4;29,7;24,7;67;58;2,9
27/12/2016;13,6;11,2;4,2;36,6;30,5;24,5;55;62;3,6
28/12/2016;18,3;6,3;0;33,6;29,3;23,9;64;52;2,5
29/12/2016;15,6;5,4;0;34,8;29,7;24,5;58;62;3,6
30/12/2016;16,8;8,8;0;34,7;29,4;23,8;53;54;3,7
31/12/2016;17;9,4;0;35,4;29,5;23,7;59;47;3,2
01/01/2017;17;11,3;0;36;30,2;23,7;60;54;2,8
02/01/2017;16,6;11,5;0;36,6;30,6;24,1;53;58;3,3
03/01/2017;16;9,1;0;36,4;30,9;24,9;58;46;3
04/01/2017;15,4;9,8;0;35,8;30,3;24,3;58;54;2,5
05/01/2017;16,2;8,6;0;35;29,7;24,7;58;52;3,1
06/01/2017;18,1;5,5;0;34,1;29,2;23;58;56;2,9
07/01/2017;16,5;11,7;0;35,8;29,3;23,2;58;54;4,2
08/01/2017;18,6;11,5;0;35,1;29,5;23,1;58;56;2,5
09/01/2017;17,1;11,1;0;36;30,1;23,1;58;55;2,1
10/01/2017;15,6;10,3;0;36,2;31,4;25;54;53;2,5
11/01/2017;15,1;4,6;0;35;28,7;26,1;51;47;2,1
12/01/2017;11,9;8,5;0;36,6;30,9;26;61;65;4,2
13/01/2017;15,2;7,9;0;35,6;30,3;25,3;58;59;3,3
14/01/2017;14,9;11,5;0;35,2;30,2;24,3;null;52;3,4
15/01/2017;13,6;11,1;0;34,6;30,2;25,5;57;59;4,2
16/01/2017;14,8;9,5;0;35,4;30,1;24,1;58;55;3,4
17/01/2017;15,2;11,8;0;35,6;30;23,6;53;55;3,4
18/01/2017;17,2;11,3;0;36;30,7;24,3;54;49;4,2
19/01/2017;17,3;10,3;0;34,4;29,8;24,5;60;50;2,5
20/01/2017;15,2;10,2;0;35,4;30,2;24,1;55;58;3,4
21/01/2017;16,4;11,6;0;36,2;30,4;24,5;55;49;3,3
22/01/2017;16,1;8;0;35,3;30,1;24,3;61;50;2,7
23/01/2017;15,7;11,3;0;36,8;31,5;25,3;54;57;4,6
24/01/2017;19,5;10,4;0;35,2;30,3;24,9;61;51;2,1
25/01/2017;15;7,2;0;34,6;29,8;24,9;61;59;3,4
26/01/2017;15,3;11,3;0;35,4;30;23,8;56;55;3,3
27/01/2017;16,8;9,5;0;34,6;30;24,7;54;51;3,3
28/01/2017;16,8;7,9;0;35,6;30,3;24,7;57;50;3,3
29/01/2017;17,1;11,5;0;35,4;30,3;24;53;52;2,9
30/01/2017;17,6;11,4;0;35,1;29,9;23,3;55;48;3,8
31/01/2017;17,6;11,5;0;36;30,6;24;55;50;3,3
01/02/2017;19;9;0;36,2;29,3;23,9;58,3;46;3,3
02/02/2017;15,8;6,5;,4;35,2;28,6;25,4;68,8;51;2,4
03/02/2017;11,4;10,5;3,6;35,6;30,5;24,9;57,8;47;3
04/02/2017;15;11,5;0;36,6;31,3;25,5;54,5;47;2,9
05/02/2017;17,5;11,5;0;36,4;31,2;25,2;52,5;50;2,8
06/02/2017;16,2;11,5;0;36,8;31,6;25,3;52,8;44;3
07/02/2017;16,5;10,7;0;36,2;29,1;26,4;65;50;3,5
08/02/2017;10,7;8,8;5,8;35,8;29,4;24,5;59,8;45;3,1
09/02/2017;12,8;9,6;0;36;31,7;26,3;53;49;2,2
10/02/2017;11,6;3,9;7,3;33,8;28;25,4;73,8;51;2,1
11/02/2017;8;7,8;0;33,4;29,1;24,5;55,5;49;2,8
12/02/2017;13,4;3,3;0;32,2;28;23,9;64,8;53;1,4
13/02/2017;11,6;3;0;32,8;28,8;23,9;55,8;49;3
14/02/2017;15,2;0;0;30,8;27,5;24,9;63,5;54;2,9
15/02/2017;10,9;4,9;0;32,6;29;24,9;59,8;50;2,8
16/02/2017;14;7,9;0;33;28,7;22,3;58,8;48;2,8
17/02/2017;15,3;4,4;0;33,8;29,2;23,9;54,5;42;3,5
18/02/2017;14,5;4,6;0;32,4;28,4;24,3;61,5;50;2,4
19/02/2017;10,6;10,4;0;34,9;29,8;24,1;54,5;47;2,5
20/02/2017;14,6;11;0;35,1;30,3;24,2;56,3;46;2,6
21/02/2017;10,4;7,9;50;33,2;25,2;21,7;81;58;1,7
22/02/2017;5,6;10,1;14,4;33,1;28,1;22,3;59,8;46;3,9
23/02/2017;11,1;11,1;0;34,2;29;23,1;57,3;46;2,6
24/02/2017;12,1;10,7;0;34,6;29,8;24,5;59,3;48;2,8
25/02/2017;12,7;8,8;0;34,6;30;24,8;58,3;50;2,5
26/02/2017;11,5;8,6;0;34,8;29,8;24,5;55,8;48;2,8
27/02/2017;10,9;10,9;0;35,6;30,5;24,7;55,5;49;2,8
28/02/2017;13;1,6;0;33,4;29,9;26,2;65,8;53;1,8
01/03/2017;6,1;4,3;5,4;33,1;27,6;23,8;75,3;56;2,2
02/03/2017;8,1;11;0;34,6;29,4;24,4;59,8;46;2,4
03/03/2017;14;6;0;33;28,8;24,1;54;47;2,7
04/03/2017;13,1;11,6;0;34,9;29,4;23,7;57,5;47;2,6
05/03/2017;14,3;10,8;0;35,4;29,8;24,1;59;48;2,5
06/03/2017;13,8;11,3;0;36,4;30,7;24,9;52,5;43;2,4
07/03/2017;15,2;9,5;0;35,6;30,8;25,7;52,5;46;2,8
08/03/2017;14,6;7,4;0;35,4;30,9;26;57,3;48;2,8
09/03/2017;12,8;8,6;0;34,2;29,8;25,3;57,3;51;2,8
10/03/2017;15,5;10,7;0;35,6;29,3;23,8;51,8;34;3,9
11/03/2017;15,3;10,8;0;35;30;24,3;55,3;43;3,1
12/03/2017;14,3;,9;0;32;27,9;24,9;67,8;54;2,4
13/03/2017;8,6;7,5;0;34,5;29,7;25,1;61;50;2,2
14/03/2017;12,6;6;0;33,4;29,3;25,1;60,8;52;1,9
15/03/2017;12,5;5,7;0;32,8;28,6;24,3;60,3;48;2,5
16/03/2017;12,3;11;0;34,9;30,1;24,7;57;50;2,7
17/03/2017;11,4;6,7;,6;35,1;27,9;25,6;71;51;2,8
18/03/2017;8,7;1,1;0;29,1;26,7;24,1;79;76;1,3
19/03/2017;5,1;10,5;0;35,6;30,1;24,3;60;47;2,7
20/03/2017;13,2;11,2;0;35,2;29,8;24;58;51;3,3
21/03/2017;14,3;11,4;0;36;30,3;24,5;55,5;42;2,5
22/03/2017;15,4;11,3;0;35,2;29,6;24,7;56,5;42;4,2
23/03/2017;16,8;11;0;34,6;29,9;24,3;59,3;49;2,2
24/03/2017;15,4;6,9;0;34;29,5;25;61,3;51;2,6
25/03/2017;13,8;10,9;0;35,4;30,2;24,1;59,3;51;2,5
26/03/2017;14,7;11,4;0;36,2;30,9;25,3;53,8;44;2,2
27/03/2017;13,9;11;0;36,6;31,6;26,9;56,5;42;2,6
28/03/2017;14,6;11;0;36,8;30,9;27;57,8;47;3
29/03/2017;11,7;6,3;0;35,6;29,6;27,3;67,5;53;2,2
30/03/2017;9,5;3,9;1;33,2;27,9;24,9;78,5;74;2,6
31/03/2017;5,5;5,5;3,2;33,4;28;22,4;71;56;2,2
01/04/2017;7,3;3,9;1,4;30,8;25,7;23,5;83;69;3
02/04/2017;4,3;4;6,3;31,4;26,7;23,1;74,5;67;2,2
03/04/2017;5,5;6,8;0;33,6;28,2;24,3;70,3;60;2,5
04/04/2017;13,1;11;0;33,8;28,4;23,3;60,8;43;3,7
05/04/2017;13,1;7,5;0;32,8;28,6;23,9;61,5;51;2,5
06/04/2017;12;10,7;0;34,2;28,8;24,5;59,8;51;3,6
07/04/2017;12,9;9,8;0;33,8;28,7;23,7;57;49;2,8
08/04/2017;12,5;10,3;0;34,2;28,8;23,7;59,8;49;2,5
09/04/2017;14,5;9,5;0;33,2;28,8;23,9;61,8;52;3,1
10/04/2017;12,8;9,8;0;34,2;29,3;24,5;57,3;48;2,5
11/04/2017;14,3;10,3;0;34,2;30,3;26,1;58;52;3
12/04/2017;13,4;10;0;35,4;30,5;25,9;60;47;2,8
13/04/2017;13,5;4,9;0;34;29,1;26,5;65;50;3
14/04/2017;11,1;10,4;0;32,4;27,8;24,9;68,3;62;4,1
15/04/2017;9,6;8;0;32,7;28,5;23,9;65,8;58;2,7
16/04/2017;9,3;10;0;32,8;28;23,9;67,8;56;2,5
17/04/2017;9,3;10,2;0;34;29;24,7;63,3;50;3,2
18/04/2017;9,7;11,2;0;35,6;29,3;23,9;60;48;3,2
19/04/2017;13;10;0;34,8;29,2;24,1;57,3;46;3,9
20/04/2017;13,4;8,3;0;32,8;27,4;24,1;65;51;3,1
21/04/2017;10,9;10,9;0;33;28,2;23,9;63,8;56;3,4
22/04/2017;10,4;7,7;0;34,6;28,7;23,3;62,5;52;3
23/04/2017;10,5;11,1;0;35;30,2;25,3;59;48;3,3
24/04/2017;14,5;7;0;34,3;29,3;25,3;61,3;50;2,9
25/04/2017;14,3;11;0;34,2;29;23,6;56,5;45;3,8
26/04/2017;14,7;9,2;0;34,2;29,2;24,1;61,8;52;2,5
27/04/2017;13,1;11,1;0;35,2;29,4;24,1;59;46;3,4
28/04/2017;13,3;7,4;0;34,8;29,6;25,5;59,8;49;3
29/04/2017;14,2;8,5;0;33,8;28,3;23,1;60,8;44;3,9
30/04/2017;15,6;3,5;0;32,4;28;24,1;60;49;3,5
01/05/2017;12,2;6;0;30,8;26,6;23,3;67,8;58;3,1
02/05/2017;11;7;0;31,6;26,9;23,1;62,5;54;3,1
03/05/2017;10,6;8,4;0;32,6;27,5;22,5;60,3;51;2
04/05/2017;11,9;6;0;31,4;27,3;24,1;66,5;56;3,5
05/05/2017;11,6;5,6;0;32,2;27,4;23,4;65,8;54;3
06/05/2017;10,3;10,8;0;34,1;28,2;22,3;57;43;2,8
07/05/2017;13;10,9;0;33,2;28,1;22,7;58,5;48;2,6
08/05/2017;11,9;9,7;0;33,5;28,4;23,1;55;46;2,8
09/05/2017;13,2;10,7;0;33,4;28,5;22,9;56,3;51;3
10/05/2017;12,7;8,6;0;34,4;29;24;57,3;47;2,8
11/05/2017;12,9;10,1;0;33,8;28,5;24,3;58,5;46;3,5
12/05/2017;14;10,8;0;32,4;27,7;23,3;57,3;46;3,2
13/05/2017;13;11;0;32,2;27,2;22,2;63;50;2,9
14/05/2017;11,2;7,3;0;32,1;27,4;22,9;67;59;1,7
15/05/2017;9,6;10,6;0;36;29,9;24,1;63,5;46;1,2
16/05/2017;10,7;10,9;0;36,3;30,9;26,2;49,5;39;1,9
17/05/2017;13;10,1;0;34,8;30,1;25,5;52,3;39;2,5
18/05/2017;13,1;7,5;0;33;27,8;25,1;60,5;46;3,7
19/05/2017;11;2,9;0;29,6;26,3;24;65,8;53;2,5
20/05/2017;8,5;6,6;0;32,4;27,4;23,3;64,5;49;2,5
21/05/2017;10,1;7,1;0;31,2;27,7;24,1;65,5;55;3,6
22/05/2017;9,5;8,3;0;32;28,1;22,8;54;45;2,5
23/05/2017;11,1;,7;0;29,7;25,2;23,5;76,5;54;3,2
24/05/2017;5,5;4,7;3;31,4;26,6;22,5;57,8;49;2,6
25/05/2017;10,3;6,7;0;31,4;26,8;23,9;60,5;46;3,6
26/05/2017;11,6;9,9;0;31,6;27;22,8;51;40;3,3
27/05/2017;13,6;3,5;0;31;26,5;22,7;62,8;53;3,3
28/05/2017;9,1;3,5;0;29;26,2;23;59;57;3,6
29/05/2017;10,2;10,2;0;29,8;24,9;20,5;59,5;48;3,2
30/05/2017;10;10,7;0;31,4;26,3;20,8;51;35;3,2
31/05/2017;11;5,5;0;30,4;26;22,3;68;50;2,5
01/06/2017;8,6;2,9;0;30,8;26,5;23,5;68;62;2,4
02/06/2017;6,9;8,2;0;34;27,9;23,4;62,5;44;2,7
03/06/2017;9,5;9,2;0;33;27,6;24,1;62,3;59;3,7
04/06/2017;10,5;9,8;0;31,2;26;21,7;63,3;53;3,6
05/06/2017;9,1;10,8;0;32,2;26,4;20,1;50,3;39;3,2
06/06/2017;12,8;10,3;0;31,4;26,4;20,5;56;43;2,9
07/06/2017;11,7;7,5;0;31,8;26;21,7;61;41;3,9
08/06/2017;10,5;10,4;0;32,4;26,8;20,9;61,3;39;2,8
09/06/2017;11,5;8,7;0;31,6;27,2;22,5;61,8;47;3
10/06/2017;8,8;10,8;0;33,6;27,6;22,1;49,3;30;2,2
11/06/2017;10,5;10,7;0;33,4;28,2;22,9;53,8;38;2,3
12/06/2017;12,6;10,7;0;32;27,3;22,5;51;45;4,2
13/06/2017;12,4;8,7;0;31,3;25,7;22,9;68,3;47;4,5
14/06/2017;8,6;7,3;0;30,2;25,6;21,7;56,3;45;2,9
15/06/2017;10,4;10,7;0;31,1;25,6;20,1;55,8;41;3,3
16/06/2017;11,9;4;0;29;24,7;20,9;64,3;57;3,9
17/06/2017;9,1;9,2;0;31;24,9;21,5;68,8;46;3,7
18/06/2017;8,9;8,9;2,2;29;24,4;20,8;71,8;61;3,3
19/06/2017;7,9;4,9;0;28,8;24,6;21,4;67,5;54;2,6
20/06/2017;7;8,6;0;29,6;24,7;20,4;67;53;4
21/06/2017;7,7;6,7;,4;29,2;24,5;20,9;64,5;51;4,7
22/06/2017;9,9;9,1;0;29,6;24,8;21,1;63,5;52;3,7
23/06/2017;9,8;5,5;0;28,6;24,7;21,8;69;58;4,3
24/06/2017;8,1;5,7;0;29;24,7;21,7;65,3;53;2,1
25/06/2017;8,9;6,3;0;29,2;24,5;21,9;66,5;51;3,4
26/06/2017;7,7;7,4;0;28;24,1;19,9;64,3;53;3,6
27/06/2017;8,6;7,7;0;28,6;24,2;19,9;60;47;3,7
28/06/2017;9,7;9,5;0;30;24,9;20,1;57,3;44;3
29/06/2017;11,3;7,5;0;29,2;24;20;65,5;51;3,9
30/06/2017;11,4;4,5;0;29,2;24,9;21,7;67;57;3,1
01/07/2017;8,3;1,5;0;28;24,3;21,3;70,3;68;3
02/07/2017;7,5;5,3;0;29,2;25,1;21,3;59;48;2,8
03/07/2017;11,2;5,6;0;27,8;23,1;21,3;68,5;52;4
04/07/2017;12,4;3,9;0;24,8;21,9;19,5;61,8;54;4,3
05/07/2017;9,5;5,8;0;26,2;22,6;19,1;61;54;3,3
06/07/2017;19,7;9,7;0;27,8;23,7;18,9;61,3;52;3,4
07/07/2017;9,7;1,5;0;26,8;23,4;20,4;64,5;55;2,7
08/07/2017;8,6;5,5;0;26,5;22,8;21,5;71;58;4
09/07/2017;7,2;3,8;0;27,6;23,5;19,5;63,5;52;3,1
10/07/2017;9,4;9,5;0;29,7;24,6;19,4;58,5;47;3,5
11/07/2017;10,1;2,9;,1;27,2;23,3;20,5;74,3;58;3,2
12/07/2017;6,7;10,3;,2;28,8;23,5;18,9;66,5;56;3,1
13/07/2017;10,6;5,7;0;28,6;23,5;18,7;63,3;52;4,1
14/07/2017;9,3;6,7;0;27,4;22,7;17,8;61,5;55;3,8
15/07/2017;9,2;7,1;0;28,6;23,2;18,7;63,8;48;3,9
16/07/2017;8,1;10,4;0;29;23,5;18,9;55,3;44;3,3
17/07/2017;13,1;7,2;0;28,9;23,4;18,2;53,5;46;3,2
18/07/2017;11,9;7,2;0;27,9;23,1;19,5;65;48;3,2
19/07/2017;7,2;10;0;29,4;24,4;19,7;59,5;49;4,2
20/07/2017;10,9;1,8;0;28;24;20,9;68;56;3,2
21/07/2017;9,1;9,1;0;30,4;25,4;21,1;58;46;3,8
22/07/2017;11,9;6,1;0;29,6;25,3;21,3;60;51;3,3
23/07/2017;10,6;8,4;0;29,2;24,6;20,4;58,8;47;3,8
24/07/2017;10,9;4,1;0;28,2;23,8;20,9;66,8;54;3,7
25/07/2017;9,1;10;0;29,5;24,1;20,7;59,8;41;4,7
26/07/2017;12;8,8;0;29,6;24,4;19,7;57,8;40;4,2
27/07/2017;11,6;9;0;28,8;24,5;20,3;54;40;2,5
28/07/2017;11,2;9,5;0;29,3;24,1;19,3;59,3;46;4,6
29/07/2017;11,2;8,8;0;29,8;24,1;20,4;58,8;36;4,5
30/07/2017;12,7;6,5;0;27;22,8;19,9;67,3;56;4,4
31/07/2017;8,1;9,1;0;28,6;23,5;18,9;58,8;44;3
01/08/2017;10,5;8;0;29,6;24;19,7;63,5;49;3
02/08/2017;9,6;7;0;30,1;24,9;20,5;60,5;46;2,8
03/08/2017;10,5;10,9;0;31,6;25,8;20,7;57,5;46;3,2
04/08/2017;11,4;11;0;33,6;26,9;20,5;54;40;2,8
05/08/2017;13;10,8;0;33,8;27;21,4;53,3;37;3,2
06/08/2017;14,2;10,6;0;30,4;26,2;21,1;53,3;44;3,8
07/08/2017;12,5;5,3;0;29,3;24,6;21,1;58;45;3,3
08/08/2017;11;10,3;0;29,8;24,7;20,7;55,5;40;3
09/08/2017;11,6;8,7;0;32;26,1;20,7;54,8;42;2,9
10/08/2017;11,4;10,9;0;33,5;27;20,7;48,3;36;2,5
11/08/2017;13,1;10;0;32,4;26,8;21,5;49,8;35;3,3
12/08/2017;15,2;10,6;0;31,8;27,4;20,7;51,8;42;3,8
13/08/2017;13,1;10,7;0;31,6;26,1;20,1;57,5;40;3,3
14/08/2017;13;10,7;0;30,4;25,1;20,5;51,3;40;3,1
15/08/2017;12,3;11;0;30,8;25,1;18,7;49;37;3,2
16/08/2017;12,3;10;0;30,8;25,4;19,5;52,3;38;2,8
17/08/2017;11,4;10,8;0;31,6;26,4;20,8;53,3;45;2,4
18/08/2017;12,2;8;0;32,2;27;21,9;50,3;42;2,8
19/08/2017;13,4;9,1;0;31,8;26,3;22,4;56,8;41;3,6
20/08/2017;12;3,8;0;30,4;25,5;21,1;62,8;52;3,4
21/08/2017;9,6;8,1;0;32,8;27,4;21,9;53,8;42;2
22/08/2017;12,5;10,9;0;30,2;26;21,3;53,5;49;4,8
23/08/2017;12,4;7,6;0;33;25;20,7;63,5;36;4,5
24/08/2017;9,2;3,3;0;28,4;23,9;19,6;67,3;56;3,5
25/08/2017;10,5;10,1;0;30,4;25,4;20,6;53,5;44;3,9
26/08/2017;13,8;10,8;0;29,9;24,5;19,9;59,8;43;4,4
27/08/2017;11,3;8,5;0;30,1;24,8;19,9;62;60;3,3
28/08/2017;11,5;10,6;0;31,4;25,8;20;52,8;39;2,8
29/08/2017;13,1;10,1;0;31,8;26,5;21,7;51,5;40;2,9
30/08/2017;13,1;10,7;0;32,2;26,7;21,5;52,8;41;2,8
31/08/2017;12,1;11,1;0;33;27;20,5;47,8;36;3,3
01/09/2017;13,4;10,8;0;32,4;26,8;21,3;50,3;41;3,9
02/09/2017;15,6;9,2;0;31,4;25,7;20,5;48,5;38;4,3
03/09/2017;14,9;9,4;0;29,8;23,7;20,1;67;45;4
04/09/2017;9;,4;2,6;25;21;18,9;84,8;77;3,9
05/09/2017;5,2;4,8;,2;26,7;22,8;19,9;76;66;3,7
06/09/2017;6,4;5,1;0;28;23,4;20,8;76,8;70;3,6
07/09/2017;7,1;5,7;0;29,6;24,7;21;68;57;3,8
08/09/2017;8,7;9,2;0;30,4;25,5;20,9;54,5;42;3,6
09/09/2017;13,2;11,3;0;30,4;25,4;20,4;54,3;43;3,8
10/09/2017;12,9;6,4;0;30;24,9;21,1;61,5;54;3,8
11/09/2017;11,3;5,7;0;30,2;24,6;20,2;57;40;3,5
12/09/2017;11,8;8,4;3;30,2;23,2;18,8;68,5;47;3,7
13/09/2017;10,7;7,1;0;30;24,7;21;65;52;4,2
14/09/2017;10,1;11,3;0;30,6;24,8;20,3;60,3;46;4
15/09/2017;12,1;11,1;,2;30,8;25,1;19,9;57,5;51;3,7
16/09/2017;13,7;7;0;30,9;25,3;20,6;56,5;42;3,5
17/09/2017;11,8;8;,3;31,6;25,1;21,1;65,5;46;3,8
18/09/2017;10,6;7,1;0;31;24,2;20,7;67,5;44;4,2
19/09/2017;11,2;10;0;31,8;25,2;20,8;62,8;48;4,3
20/09/2017;11,9;9,2;0;31,1;25,4;20,9;57,3;43;4,2
21/09/2017;13,9;7,9;0;30,5;24,4;20,9;65,8;51;3,3
22/09/2017;10,6;2,7;0;27,9;24,4;20,6;62,5;64;3,6
23/09/2017;9,7;7;0;30,5;25,2;20,1;56,5;44;3,9
24/09/2017;11,8;11,1;0;32,6;24,7;19,9;61,5;39;2,8
25/09/2017;12,7;7,2;0;31,2;24,5;19,9;61,5;47;4,2
26/09/2017;11,8;8,8;0;31,4;25,5;20,2;58;46;4
27/09/2017;12,2;8,1;0;33,1;27,2;21,9;55;39;2,5
28/09/2017;13,1;10,7;0;32,7;27,6;22,9;53,8;41;4
29/09/2017;13,4;6,2;0;32,6;26,9;22,7;55,8;39;2,8
30/09/2017;12,7;9,6;0;33,4;27,4;22,2;48;38;3,4
01/10/2017;15,1;10,7;0;35,6;28,1;21,1;47,8;29;3,9
02/10/2017;14,9;10;0;34,6;28,3;22,7;49;31;2,8
03/10/2017;15,8;7,3;0;34,2;27,5;22,2;53;38;3,4
04/10/2017;15,3;8,7;0;33,2;27,6;21,7;49,3;35;3,6
05/10/2017;15,5;11,1;0;33,8;27,4;21,6;48,5;32;4,2
06/10/2017;13,3;10,5;0;33,5;26,3;22,2;58,5;34;3,4
07/10/2017;14,3;6,5;0;33,5;27,1;22,2;50,8;43;2,7
08/10/2017;13,8;7;0;31,8;26,6;21;50,3;40;3,3
09/10/2017;13,5;10,7;0;33;26,9;21,1;50,5;38;3,9
10/10/2017;15,2;11,3;0;33,6;27,5;21,3;45;33;3,4
11/10/2017;16,5;9,7;0;33,2;27,8;21,3;50;40;2,5
12/10/2017;14,1;7,6;0;33,4;27,6;22,3;49;40;3,3
13/10/2017;13,6;10,8;0;33,9;27,9;21,1;48;36;2,8
14/10/2017;15,3;8,7;0;34,2;28,5;22,1;48,5;37;3
15/10/2017;14;8,4;0;34,8;28,9;23,1;51,3;43;3,1
16/10/2017;14,5;11,3;0;34,8;27,8;22,3;45;27;3
17/10/2017;18,7;11,5;0;33,2;27,8;21,7;44,5;34;3,6
18/10/2017;16,9;9,2;0;32,6;27,1;22,7;58,5;42;2,5
19/10/2017;12,6;7,8;0;32,6;27,1;21,6;54,8;39;2,9
20/10/2017;13,6;10,7;0;34,4;28,2;21,7;53,3;41;4,5
21/10/2017;16,6;11,3;0;34,9;29,4;23,9;45,8;34;5
22/10/2017;18,1;11,4;0;34,2;28,5;22,3;44,5;34;5
23/10/2017;17,7;11,4;0;34,2;28,6;21,5;44;32;2,5
24/10/2017;18,2;9,5;0;33,6;28,2;23,4;53,3;42;4,5
25/10/2017;16,2;10,6;0;34,2;28,5;23,1;46,8;35;4,2
26/10/2017;18;9,4;0;33,8;28,1;22,1;54,8;41;3,9
27/10/2017;15,6;7,7;0;35,6;29,5;23,9;50,8;39;2,5
28/10/2017;15,6;9,8;0;35,8;29,6;23,1;40,5;30;3,4
29/10/2017;17,6;10,4;0;36;30,1;23,8;46,5;35;2,9
30/10/2017;19,1;11,4;0;35,8;30,3;23,7;45,5;43;2,2
31/10/2017;15,9;8,5;0;34,4;29,4;24,3;59,5;40;1,9
01/11/2017;11,6;9,9;0;36,6;31,1;25,7;53,5;42;1,7
02/11/2017;14;9,8;0;35,8;30,5;26,1;48,8;37;4
03/11/2017;17,2;7,2;0;33,6;28,1;25,1;62,3;50;2,8
04/11/2017;12,2;10,7;0;34,2;29,2;23,8;49;39;3,8
05/11/2017;14,8;11,4;0;35,6;30,2;23,3;49,3;37;3
06/11/2017;16,6;10,9;0;35,6;30,5;24,1;47,3;39;2,5
07/11/2017;16,1;5;0;33,9;28,9;24,4;53,5;44;2,5
08/11/2017;14,8;1,3;0;30,4;28,2;25,1;59,8;52;2,8
09/11/2017;11,1;8,7;0;34,5;29,4;24,6;49,5;43;3,9
10/11/2017;15,5;11,4;0;35,4;30,1;23,1;47,3;39;2,2
11/11/2017;15,7;11,2;0;35,6;30,5;23,9;47,3;41;2,6
12/11/2017;13,2;11,3;0;39;32,7;25,9;44;32;1,9
13/11/2017;16,1;8;0;36,4;31,3;29,1;50,8;39;2,5
14/11/2017;13,5;0;,2;29,8;25,7;24,3;79;58;2,7
15/11/2017;5,1;5,2;22;32,8;27;23,1;58;41;3,6
16/11/2017;12,9;10,2;0;33,2;28;23,1;52;41;4,2
17/11/2017;14,7;7;0;31,4;26,9;22,1;51,3;45;2,8
18/11/2017;14;10,8;0;34,9;29,2;22,6;47,5;40;2,7
19/11/2017;15,2;11;0;35,9;30,3;23,9;48;39;2,5
20/11/2017;15;11,5;0;36,8;31,1;24,9;41,8;34;1,9
21/11/2017;18,7;11,9;0;35,8;30,2;24;43,3;37;3,4
22/11/2017;17,5;10,7;0;36,2;30,3;24,5;50,3;42;1,9
23/11/2017;14,2;11,7;0;37,4;31,9;25,5;47;39;3
24/11/2017;16,8;9,9;0;35,2;30,3;25,4;43;34;3,3
25/11/2017;18,1;9,6;0;33,5;29,6;24,6;47,5;38;3,3
26/11/2017;14,7;11,8;0;33,6;29;23,4;47,3;38;3,3
27/11/2017;16,2;12;0;35,2;29,6;23,3;43,5;35;3,9
28/11/2017;17,6;11,9;0;35,4;29,8;23,4;43,3;36;2,7
29/11/2017;15,8;11,5;0;35,6;30,5;23,9;44,3;36;2,8
30/11/2017;15,2;11,2;0;36;31;24,9;48,8;37;2,8
01/12/2017;15,6;6,7;0;35,4;30;23,1;50;50;2,5
02/12/2017;15,6;5,6;0;35;30,7;26;53;42;1,7
03/12/2017;13,6;7,9;0;35,6;30,7;26,1;51;53;2,5
04/12/2017;15,1;11,9;0;37,2;31,5;25,3;49;46;2,7
05/12/2017;17,7;11,8;0;38,2;32,7;26,9;42;42;2,3
06/12/2017;18,2;11,6;0;38,4;32,9;26,9;43;36;2,4
07/12/2017;19,2;11,7;0;36,7;31,4;25,3;49;36;2,3
08/12/2017;15,3;9,8;0;34,8;30;26,4;59;41;3,2
09/12/2017;12,2;2;1,3;32,4;26,1;24,1;83;59;2
10/12/2017;3,9;0;7,6;26,2;23,7;22,7;94;86;0
11/12/2017;1,1;1,4;3;30,8;26,6;22,1;80;84;1,5
12/12/2017;5,4;8;0;34,9;28;22,1;80;64;2,9
13/12/2017;9,4;3,3;0;33,9;30;25,4;53;70;2,7
14/12/2017;14,6;9,6;0;35;29,4;23,7;46;45;3,9
15/12/2017;17,2;9,6;0;32,6;28,3;23,2;49;43;3,4
16/12/2017;15,2;9,2;0;34,2;28,7;23,2;null;45;3,9
17/12/2017;15,3;8,3;0;34,8;29,2;24,8;56;44;4,4
18/12/2017;15,4;9,3;0;34,4;29,8;25;52;53;4
19/12/2017;16,4;7,5;0;33,8;28,5;23,9;56;49;2,8
20/12/2017;15,5;10,7;0;33;28,2;23,3;54;53;4,3
21/12/2017;15,1;10;0;34,6;28,9;23,8;58;49;2,8
22/12/2017;15,4;11,1;0;34,1;29,7;24,9;51;53;3,4
23/12/2017;15,1;11,2;0;35,6;27,1;23,9;76;47;3
24/12/2017;11,8;11,7;1,7;34,8;28,9;23,7;64;66;2,8
25/12/2017;13,5;11,6;0;34,4;30;24,4;54;63;2,5
26/12/2017;14,1;9,5;0;34,6;30,3;24,9;51;49;2,7
27/12/2017;14,7;9,7;0;34,8;30,1;24,8;53;50;3
28/12/2017;15;10,5;0;34,8;30,1;24,9;56;46;3,2
29/12/2017;13,6;11,9;0;36;31,1;25,6;47;51;3,3
30/12/2017;16;11,2;0;36,8;31,9;25,6;47;47;3,5
31/12/2017;17,2;11,2;0;37,2;32;25,2;47;40;2,9
01/01/2018;17,1;11,9;0;37;31,4;25,1;52;41;2,2
02/01/2018;16;10,4;0;37,4;32;26,3;60;46;1,7
03/01/2018;14,4;8,9;0;37,4;31;26,2;66;59;,9
04/01/2018;13,1;4,6;7;30;25;21,6;83;69;4,2
05/01/2018;6;2,8;4,6;27,8;24,8;21,3;86;81;1,7
06/01/2018;4,7;9,9;3;33,4;28,4;22,7;58;69;2,9
07/01/2018;13;11,4;0;33,9;29,3;24,5;52;52;2,8
08/01/2018;15,1;11,3;0;33,4;29;23,5;51;47;3,8
09/01/2018;14,9;11,3;0;34,1;29,4;23,5;55;47;2,5
10/01/2018;15;7,7;0;34,8;28,9;25,3;70;52;3,3
11/01/2018;13,3;1;0;33,8;27,7;24,5;62;57;2,9
12/01/2018;11,6;3,9;0;32,4;28,3;23,1;55;57;2,5
13/01/2018;12,6;6,7;0;32,6;28,7;24,1;61;52;3,4
14/01/2018;12,5;8,8;0;35,1;28,4;24,5;62;58;2,5
15/01/2018;13,2;11,4;3,6;34,8;29,5;23,7;71;64;2,5
16/01/2018;18,9;11,3;0;34,4;29,1;23,5;49;39;3,4
17/01/2018;18,6;11,1;0;34,8;29,3;22,9;49;43;3,3
18/01/2018;17,6;10,1;0;34,8;30;24,5;46;44;3,3
19/01/2018;18,3;6,5;0;34,2;29,8;24,5;49;38;4,2
20/01/2018;14,7;5,1;0;34;29,3;24,9;53;43;2,5
21/01/2018;15,3;9,9;0;35,2;30;23,5;46;47;2,9
22/01/2018;18,6;11,7;0;35;30,1;23,8;45;38;3,4
23/01/2018;16,3;11,1;0;35;29,9;24,3;25;39;2,5
24/01/2018;15,5;4,6;0;34,8;29,5;24,5;41;51;2,5
25/01/2018;14,6;9,9;0;35,2;30;24,3;51;49;2,5
26/01/2018;13,9;4,7;0;34,8;26,3;23,1;81;47;2,5
27/01/2018;8,1;5,7;3,8;34,6;27,2;22,9;null;75;1,7
28/01/2018;9;5,4;0;33,8;29,2;25,5;64;68;2,5
29/01/2018;10;6;0;34,2;29,8;25,5;59;62;2,9
30/01/2018;12,3;6,3;0;34,4;27,7;25,7;71;54;3,4
31/01/2018;8,1;6,1;,4;35;29,6;24,1;55;73;1,7
01/02/2018;12,7;10,3;0;36,8;31,5;26,2;44,5;38;2,8
02/02/2018;15,9;9,1;0;36,2;30,3;25,7;54;39;2,5
03/02/2018;3,1;3,1;,2;32,6;27,5;24,3;74;58;1,7
04/02/2018;7,9;1,8;3,4;32,6;26,3;24,3;84,8;77;2,6
05/02/2018;4,2;7,7;23;32,2;27,9;23,3;68,3;58;1,4
06/02/2018;7,4;3;0;29,8;27,7;25,1;70,5;63;2,2
07/02/2018;6,1;,4;0;28,2;26;24,7;79,8;73;2,5
08/02/2018;4,5;5,4;,6;32,7;29,2;24,5;68,8;59;2,4
09/02/2018;7,2;6;41,4;32;26,2;23,3;76,8;57;1,7
10/02/2018;5;,2;8,5;25,6;24,4;23,4;88,5;81;1,8
11/02/2018;2,8;9,9;17,9;30,6;26,5;23,1;67,5;55;2,8
12/02/2018;8,8;7,5;0;30,8;26,7;22,5;67,5;54;2,2
13/02/2018;9,2;6,8;0;31,4;27,3;23,9;67,5;61;3,1
14/02/2018;8,9;5,8;,4;31,8;27,9;23,7;60,8;50;2,2
15/02/2018;11,6;7,4;0;32,4;27,8;23,8;61,3;52;2,9
16/02/2018;10,5;8,9;0;31,8;28,3;23,9;58;48;2,8
17/02/2018;11,6;7,9;0;31,6;26,1;23,3;71;54;3,5
18/02/2018;7,8;5,1;2,5;31,6;27,3;22,3;65,5;57;2,2
19/02/2018;8,5;9,8;0;33,8;29,3;24,5;57,3;48;2,2
20/02/2018;11;9,6;10,8;33,3;29,1;24,3;58;52;2,6
21/02/2018;10,8;9,5;0;34,2;29,5;24,9;54,8;44;2
22/02/2018;10,8;3;1;31;27,5;25;77;52;1,1
23/02/2018;4,1;6,2;,4;32,4;27,7;24,6;73,3;61;2
24/02/2018;4,8;8,4;8,8;33,2;27,9;22,8;68;48;1,6
25/02/2018;8,5;11,5;0;33,2;28,7;23,7;57,8;46;2,9
26/02/2018;12,1;11,5;0;33;28,6;23,3;54,8;47;2,2
27/02/2018;12;8,9;0;32,8;28,8;25;60,3;52;2,8
28/02/2018;11,5;9,6;0;33,8;29,3;24,9;54,5;45;2,5
01/03/2018;12,9;9,8;0;34,8;28,5;24,2;60,5;46;3,3
02/03/2018;9,7;11,3;,4;34,2;28,8;23,6;62;47;2
03/03/2018;8,7;5,3;,8;33,8;27,8;23,6;69,3;53;2,3
04/03/2018;7,8;10,8;6;33,5;29;24,8;59,3;47;2,6
05/03/2018;9,9;11,6;0;34,8;29,9;25,1;57;46;2
06/03/2018;10,3;10;0;35,4;30,4;26,2;63,3;50;2,7
07/03/2018;8,4;8,8;22,6;34,2;28,6;22,9;65,5;53;1,7
08/03/2018;7,8;4,4;0;31,2;27,6;26,1;71;62;3,8
09/03/2018;5,6;3,9;0;30,8;27,4;25,1;76;67;1,7
10/03/2018;5,1;5,9;0;32;27,8;25,2;77,5;69;2
11/03/2018;3,3;3,8;3,9;31,8;28,2;24,3;71,3;65;1,7
12/03/2018;5,6;9,2;0;32,8;26,3;23,7;79;62;2,8
13/03/2018;5,1;,5;25,6;29,2;25,3;22,1;81,5;68;1,8
14/03/2018;3,3;9,9;0;34,2;28,3;23,5;67,5;50;2
15/03/2018;9;11,3;0;34,8;29,7;24,9;54,3;41;3,3
16/03/2018;13;11,6;0;34,6;29,2;24,1;53,5;46;2,8
17/03/2018;12,1;10,6;0;34,2;28,7;24,8;61,5;50;2,1
18/03/2018;9,4;11,5;0;33,6;29,5;25,1;56,8;48;3,3
19/03/2018;12,4;10,2;0;34,4;30,2;25,5;52,8;46;2,8
20/03/2018;11,2;4,6;8,6;32,4;27,2;22,5;70,5;49;1,7
21/03/2018;6,6;9,8;1,4;34;29,6;24,8;58,3;46;2
22/03/2018;10,2;8,4;0;34,6;29,5;25,3;59,3;45;2,6
23/03/2018;11,9;6,2;0;33,8;28,6;24,7;59,8;47;1,8
24/03/2018;8,9;4,6;8,8;31,2;25,8;23,7;78,8;62;2
25/03/2018;5,5;5,7;0;31,6;25,7;23,5;77,8;54;2
26/03/2018;6;6,9;,6;30,8;25,8;22,3;71,3;54;2,5
27/03/2018;7,7;6,9;0;31;26,5;23,3;65,5;55;3,3
28/03/2018;8,5;10,5;0;32,4;27,2;22,4;63,3;48;2,9
29/03/2018;10;10;0;32,8;28,1;24,6;58,3;44;3,4
30/03/2018;12,2;9,2;0;33;28,1;22,7;55,8;46;2,5
31/03/2018;11,3;11,4;0;33,9;28,6;23,8;55;41;2,7
01/04/2018;12,1;9,7;0;34,4;28,6;23,9;55;44;3,3
02/04/2018;12,4;11,1;0;33,4;28,8;23,9;55;49;2,8
03/04/2018;11,7;10,2;0;34,2;29,6;24,5;54,5;46;2,8
04/04/2018;11,6;11,2;0;35,4;29,6;20,9;52;43;2,3
05/04/2018;13;10,4;0;35;29,4;24,4;61,8;45;2,3
06/04/2018;9,7;6,4;0;34;27,7;24,9;70,8;53;1
07/04/2018;7,2;1,9;18;29,6;25,1;21,7;82,3;68;1,9
08/04/2018;3,6;6,1;,2;32;27,2;22;66,8;55;1,7
09/04/2018;7,7;10,9;0;32,4;27,7;21,7;58,3;46;2
10/04/2018;11,5;7,9;0;32,2;27,2;22,7;59;43;2,2
11/04/2018;11,1;6,8;0;32;27,3;22,7;59;47;2,2
12/04/2018;10,8;6,2;0;30,8;25,3;23,5;77;56;2,3
13/04/2018;6,3;,1;7,3;28,4;24,8;22,9;85;71;1,9
14/04/2018;3;8,8;1,2;32,2;27,2;22,6;64;48;2,2
15/04/2018;9;10,1;0;32,6;27,6;23,5;54;36;2,9
16/04/2018;10,6;8,5;0;32,4;27,3;22,3;54,8;42;2,5
17/04/2018;11,4;5,1;0;30,6;27,1;23,5;60,8;56;3,3
18/04/2018;9,3;9,4;0;32,6;27,8;23,1;52,8;41;3,6
19/04/2018;12,4;9,4;0;33,6;27,3;23,4;61,8;42;3,4
20/04/2018;10,6;8,4;0;31,8;26,8;24,3;null;55;3,4
21/04/2018;9,5;2,4;0;29,4;25,5;24;81,5;79;2,8
22/04/2018;6,5;4,4;1,8;30;25,8;21,7;67,8;62;3,9
23/04/2018;9,1;5,4;0;30,6;26,8;23;61,5;52;4,2
24/04/2018;10,1;7,4;0;32,6;27,6;22,3;58,8;48;2,5
25/04/2018;1;4,1;0;31,4;26,3;23,3;67,8;53;2,9
26/04/2018;8,3;8,8;0;31,6;26,9;22,2;60;48;2,7
27/04/2018;9,9;9,7;0;32,2;26,8;22,5;62,3;48;3,7
28/04/2018;9,6;3;0;31,2;26,9;23,1;63,3;54;3
29/04/2018;9,6;10,5;0;33,2;28;23,9;54,5;38;2,9
30/04/2018;11,6;5,7;0;30,6;26,7;23,8;64,3;54;3,6
01/05/2018;8,5;7,5;0;31,4;27,3;23,1;61,8;54;3,9
02/05/2018;9,3;6,3;0;32;27,3;21,9;62,3;56;3,7
03/05/2018;9,2;10,2;0;32,6;27,8;23,3;58,5;48;3,2
04/05/2018;10,2;9,6;0;32,2;27,3;22,1;60,5;52;3,5
05/05/2018;9;2,6;0;31,3;26,6;22,2;58,5;49;2,9
06/05/2018;9,1;7,2;0;31;26,4;21,9;64,3;47;3
07/05/2018;8,3;4,4;0;29,6;24,2;22,1;81;64;3,1
08/05/2018;5,5;10,4;8;30,2;25,7;21,3;67,3;54;3
09/05/2018;8,5;10,8;0;31,8;26,7;22,1;57;46;3,4
10/05/2018;10,7;9,6;0;31,6;26,9;22,5;60;48;2,6
11/05/2018;10,6;10;0;31,6;26,9;22,5;58,3;47;3,4
12/05/2018;10,6;7,8;0;32;27,2;22,8;61;49;2,3
13/05/2018;8,3;8,3;0;32,8;27,4;22,5;57;47;3,2
14/05/2018;11,3;10,5;0;32,8;27,3;22,4;53,5;42;3,6
15/05/2018;12;10,7;0;32,6;27,5;22,1;54;43;3,3
16/05/2018;11,9;3,7;0;30,4;26,3;23,5;68,3;52;3
17/05/2018;8;10;0;33,2;27,9;23,9;58;48;2,5
18/05/2018;10,6;8,9;0;32,6;26,8;22,2;63,3;46;3,4
19/05/2018;9,9;9,6;0;32,8;27,2;22,6;53,3;41;2,3
20/05/2018;12,1;10,1;0;33,9;28;21,9;58,8;43;2,3
21/05/2018;10,3;10,8;0;35,4;28,8;23,1;53,3;36;2,2
22/05/2018;13,4;6;0;33,1;27,4;23,8;63;42;3,3
23/05/2018;9,5;10,5;4,2;32,8;27,5;22,1;56,5;41;3,3
24/05/2018;11;8,1;0;32,8;25,7;21,8;66;54;3,5
25/05/2018;10,3;10,7;0;31,2;26,3;21,7;54,3;46;3,7
26/05/2018;12;5,4;0;30,2;24,7;21,2;71;46;3,5
27/05/2018;7,5;10,7;0;30,8;25,5;20,5;56;47;3,6
28/05/2018;11;10,5;0;31,2;24,9;21,7;69,5;46;3,6
29/05/2018;9,5;6,5;0;29,2;24,3;21,9;72,8;56;4,4
30/05/2018;7,9;5,6;,7;29;23,3;21,1;77;56;3,7
31/05/2018;7,4;6,2;,3;29,8;24,9;20,5;64;49;3,9
01/06/2018;8,6;9,2;0;31,8;25,7;20,9;62,3;46;2,5
02/06/2018;8,8;8,8;0;32,7;26,8;20,9;60,5;48;2
03/06/2018;9,1;8,2;0;33;27,3;24,5;64,3;45;2,2
04/06/2018;10;2,2;0;30,8;26,5;23,3;64,5;54;2,2
05/06/2018;8,6;7,5;0;30,4;25,7;22,1;62,8;48;3
06/06/2018;9,5;10,8;0;31,1;25,8;21,3;61;46;3,2
07/06/2018;9,3;10,7;0;32,6;26,7;22,1;62,5;47;2,9
08/06/2018;9,8;6,4;0;31,8;27,3;23,3;63,8;52;2,8
09/06/2018;8,6;8,7;0;33,4;28;24,2;60,5;44;3,3
10/06/2018;10,9;9,6;0;31,6;26,6;22,3;58,8;48;3,3
11/06/2018;10,6;9,6;0;31,8;26,4;20,7;60,3;43;3,3
12/06/2018;11,5;6,9;0;30,8;25,6;21,1;63;48;2
13/06/2018;9,5;4,5;0;30,1;25,4;21,5;62,8;53;3,1
14/06/2018;8,9;10,6;0;31,6;25,3;19,9;60,3;42;3,8
15/06/2018;10,7;9,3;0;31;24,7;21,1;66;46;3,1
16/06/2018;9,3;9,9;0;30,8;25,2;19,9;59;42;3,6
17/06/2018;10;5,7;0;29,2;25;21,2;63;53;3,3
18/06/2018;9,1;2,9;0;28,2;24,6;21,7;63,3;57;3,3
19/06/2018;8,4;6,3;,8;29,6;23,1;20,6;81;49;2,8
20/06/2018;5,3;9,2;1,8;29,6;24,1;19,4;60,3;40;3,4
21/06/2018;10,1;10,1;0;30;24,9;19,9;59,3;47;3,1
22/06/2018;11,2;10,4;0;30,8;25,1;19,9;60;44;3,5
23/06/2018;10,9;10,6;0;30,8;25,5;20,7;54,5;41;4
24/06/2018;13,2;9,7;0;31;24,7;19,9;58,3;35;4,1
25/06/2018;4;9,9;0;30,4;24,6;19,1;54,5;40;3,9
26/06/2018;13,1;10,3;0;30,6;25,2;19,9;55,5;44;3,3
27/06/2018;11,3;9;0;30,9;25,8;21,1;53,5;40;3,4
28/06/2018;11,2;10,1;0;30,4;25,3;20,9;56,8;42;3,7
29/06/2018;11,7;10,3;0;31;24,8;19,3;65,5;48;3,8
30/06/2018;9,1;10,1;0;30,6;25,6;20,9;55;44;2,9
01/07/2018;10,6;10,8;0;31,6;25,7;20,2;53,3;39;2,3
02/07/2018;11;8,5;0;32,8;26,2;21,9;61,8;40;2,5
03/07/2018;8,3;9,1;0;32;26,3;21,3;52;36;3,3
04/07/2018;11,6;10,4;0;31;25,7;21,1;52;33;2,9
05/07/2018;11,9;9,8;0;30,5;25,5;20,9;54,5;40;3,7
06/07/2018;10,8;1,7;0;29,7;25,4;21,5;59;49;4,1
07/07/2018;10,9;10;0;31;26,2;22,7;56,8;42;2,8
08/07/2018;11;10;0;31,8;25,7;20,3;53,3;35;3,8
09/07/2018;11,5;10,7;0;32;25,8;21,1;53,5;36;3
10/07/2018;12,5;10,9;0;32,1;25,5;19,6;52,8;40;3,3
11/07/2018;13;9;0;31,3;26,8;21,7;58,8;48;2,5
12/07/2018;13,1;9,7;0;31,4;27;23,1;54,8;47;3,6
13/07/2018;13;10,3;0;30;25,1;20,9;59,3;46;3,3
14/07/2018;10,9;10,2;0;31;25,2;19,8;51;36;2,8
15/07/2018;11,9;10,7;0;30,9;25;19,7;50,3;34;2,9
16/07/2018;12,6;8,3;0;33;25,4;19,9;55,3;44;2,2
17/07/2018;13,1;10,8;0;33;25,5;18,7;55;43;3,1
18/07/2018;11,8;10,6;0;30,6;25,5;20,3;50,8;44;3,2
19/07/2018;11,4;4,2;0;27,9;24,3;21,5;64,5;46;2,9
20/07/2018;7,8;8;0;30,2;24,5;20,7;64,3;44;3,2
21/07/2018;9;10,3;0;30,2;25,1;19,9;56;44;3
22/07/2018;11;10,7;0;30,6;25,5;20,3;52;39;3
23/07/2018;12,5;10,7;0;30;25,3;20,1;55,3;46;4,2
24/07/2018;3;9,8;0;31;25,6;21,1;51,8;38;3,1
25/07/2018;10,4;10,3;0;30,2;24,9;20,2;59;48;4,2
26/07/2018;11,8;9,9;0;29,7;25,2;20,9;56,3;46;3
27/07/2018;10,9;10,6;0;31,2;25,1;19,8;54;39;3,1
28/07/2018;11,9;10,3;0;29,8;25,8;21,5;55,8;47;1,8
29/07/2018;10,4;10,9;0;30,2;25,3;20,1;55,8;45;2,8
30/07/2018;11,5;8,3;0;30,6;25;19,3;53,8;43;2,2
31/07/2018;10,5;6,7;0;30,8;26,2;21,5;57;46;3,6
01/08/2018;10,4;6,7;0;31,7;26,4;21,6;52,8;44;3,1
02/08/2018;11,1;10,6;0;32,2;26,3;21;48,5;36;3,3
03/08/2018;15;9;0;31,6;25,9;20,9;49,8;41;2,4
04/08/2018;14;10,8;0;32,4;26,4;19,3;46;35;2,5
05/08/2018;13,1;10,8;0;34;27,5;20,7;48;32;2,9
06/08/2018;14,3;8,9;0;33,2;26,9;21,5;49;33;2,8
07/08/2018;14,3;8,9;0;31,4;25,6;20,3;56,5;34;3,3
08/08/2018;13,3;10,5;0;31,3;26,1;20,7;55,3;45;3,5
09/08/2018;12,8;9;0;31,9;26,3;20,8;53,8;44;2,7
10/08/2018;12,5;10,9;0;32,4;26,7;20,5;53,3;42;2,7
11/08/2018;14,1;9,4;0;34;27,8;21,3;50,5;38;2,6
12/08/2018;14,4;10,8;0;34,6;28,6;21,9;49,3;37;2,8
13/08/2018;14,3;3,9;0;32,4;27,8;23,7;55,5;46;2,2
14/08/2018;13,2;10;0;32,6;27,2;22,4;54,5;37;2,5
15/08/2018;13,6;10,7;0;33,1;27,3;21,5;49,3;35;3,2
16/08/2018;16;10,9;0;33,5;27,4;21,3;47;37;2,8
17/08/2018;15,6;9,1;0;31,8;27,6;23,2;48,5;42;3,3
18/08/2018;14,4;10,8;0;32;25,8;21,1;54,5;39;4
19/08/2018;12,9;7,5;0;30,6;25,3;21,3;63,8;48;4,1
20/08/2018;9,4;8,1;1,2;30,6;25,1;20,1;66,5;51;3,8
21/08/2018;10,2;10,6;0;30,6;25,9;20,5;52,3;40;2
22/08/2018;12,5;9,4;0;31,2;25,5;21,1;61;44;3,1
23/08/2018;10,7;10,1;0;31,4;26;20,8;52,5;45;3,7
24/08/2018;12,4;10,9;0;31,6;26,4;21,7;53,3;36;4,1
25/08/2018;13,6;11;0;32,5;26,4;20,1;46,5;32;2,9
26/08/2018;13,5;11;0;32,3;26,7;20,8;48;38;3
27/08/2018;14,1;10,3;0;30,6;25,5;20,7;55,5;42;3,3
28/08/2018;11,4;9,2;0;31,8;25,3;20,7;59;41;3,6
29/08/2018;12,1;8;0;30,9;25,9;21,4;52;39;3,8
30/08/2018;11,8;11;0;30,8;24,6;19;55,3;37;3,2
31/08/2018;12,3;10,9;0;31;25,3;19,5;46,8;32;3,2
01/09/2018;13,4;11;0;32;26,3;20,3;47,5;38;2,9
02/09/2018;12,5;9,8;0;32,5;27,1;21;51,3;42;3,2
03/09/2018;11,8;11,2;0;33,4;27,7;23,4;48,8;36;2,3
04/09/2018;13,3;11,3;0;33,8;27,7;21,7;51,8;37;1
05/09/2018;12,8;11,1;0;35,6;29,8;23;48,3;42;3
06/09/2018;15,4;9,4;0;33;27,6;23,1;52;39;3,6
07/09/2018;14,7;7,1;0;32,4;26;22,5;56,5;35;4,8
08/09/2018;12,4;7,3;0;28,8;24,1;20,5;61,5;50;4,2
09/09/2018;11,1;11,4;0;33;26,7;20,1;47,8;38;3,9
10/09/2018;14,9;11,3;0;32,8;27;20,7;50,8;41;3,1
11/09/2018;14,5;11,3;0;32,8;27,1;20,7;51,3;40;2,8
12/09/2018;14,2;11,3;0;34,4;28;21,4;41;30;3,4
13/09/2018;18,8;10,8;0;32,8;26,5;20,7;44,8;33;4,1
14/09/2018;16,4;11;0;32,8;26,6;20,3;47,8;35;3,9
15/09/2018;14,6;10,9;0;33,9;28;21,2;47,3;36;3,1
16/09/2018;13,4;10,9;0;35,3;29;22,4;48,5;36;3
17/09/2018;13,7;10,9;0;37;30,1;23,3;42,8;32;3,3
18/09/2018;15,3;10,6;0;35;29,2;23,3;45,8;35;3,9
19/09/2018;15,7;10,8;0;34,9;29,2;23,7;45,3;37;4,2
20/09/2018;16,6;10,4;0;33,9;28,2;22,5;49;39;3,7
21/09/2018;15,1;8,9;0;33,5;28,2;22,9;49;38;2,8
22/09/2018;14,8;11;0;35,2;28,8;22,1;46,5;32;3,2
23/09/2018;15,4;11;0;34,7;28,7;22,9;47,8;36;4
24/09/2018;16;7,7;0;34;28,3;22,5;49;37;2,8
25/09/2018;13,8;6,5;0;32,8;28;23,7;52;41;2,8
26/09/2018;13,4;8,1;0;33,8;28,2;22,9;55,3;49;2,8
27/09/2018;14,8;9,7;0;34,9;28,3;21,9;46;32;3,9
28/09/2018;15,2;10,8;0;33;28,5;22,5;48,8;43;2,8
29/09/2018;13,3;11,1;0;36,2;29,7;23,2;45,5;36;2,8
30/09/2018;15,5;7,5;0;34,2;29,1;23,9;47,3;41;2,8
01/10/2018;14,5;8,7;0;33,2;28,5;23,6;41,8;34;3
02/10/2018;15,5;10,6;0;34;27,9;21,4;46,5;35;2,8
03/10/2018;15,9;9,4;0;34,2;29,1;23,5;49;42;3,4
04/10/2018;13,1;8,3;0;35,5;29,4;23,5;52,3;40;3,2
05/10/2018;14,1;9,3;0;34,8;29,1;24;49,8;40;3,1
06/10/2018;14,8;11,4;0;34,2;28,9;22,9;47;38;2,7
07/10/2018;14,6;9,8;0;34;29,3;23,5;48,8;40;3,3
08/10/2018;14,7;7;0;34,6;28,7;23,3;47,3;35;3,3
09/10/2018;15,8;11,1;0;34,6;27,9;21,9;45,8;32;3,1
10/10/2018;18,2;10,6;0;34,5;29;21,7;43,3;33;3,7
11/10/2018;15,8;10,5;0;34,4;29,3;23,9;53;37;2,4
12/10/2018;14,5;7,9;0;33,8;28,2;22,8;50,5;40;3,1
13/10/2018;14,2;10,6;0;34,4;29,1;23,5;47,5;38;3,4
14/10/2018;13,6;10,7;0;36,5;30,4;23,6;55,5;40;1,8
15/10/2018;11,5;9,9;0;35,8;30,8;25;50,8;42;2,5
16/10/2018;12,8;7,1;3;34,2;28,5;25,9;64,8;46;2,2
17/10/2018;8,4;5,3;6,7;32,5;28,2;23,9;66,5;54;1,9
18/10/2018;8,9;6;0;33;29,1;24,9;52,5;47;2,6
19/10/2018;13,1;10,9;0;35;30;24,3;53,8;41;2,5
20/10/2018;12;9,6;0;35,9;30,8;25,8;52,5;37;1,9
21/10/2018;13,8;8,8;0;34;28,1;25,1;58;43;3,6
22/10/2018;13,3;7;0;31,8;26,8;22,2;60,8;52;3,8
23/10/2018;10,5;8,2;0;34,8;28;24,3;61,5;38;3,9
24/10/2018;12,5;11,4;0;35,8;29,9;24,2;49;36;3,1
25/10/2018;13,1;11,6;0;36,3;29,8;23,9;42,8;30;3,7
26/10/2018;16,3;11,5;0;36,1;30,1;23,9;54,5;37;2,4
27/10/2018;13,5;11,6;0;37,6;32;25,2;46,8;40;2,7
28/10/2018;14,9;10,4;0;37,8;30,7;27,3;55;36;3,2
29/10/2018;12,3;8,1;0;36,8;29,2;24,1;61;40;2,3
30/10/2018;11,6;8,6;0;33;28,9;24;56,8;49;3,1
31/10/2018;13;7,3;0;34,1;29,1;24,4;49,5;38;3,2
01/11/2018;14,2;9,5;0;34,6;29,2;23,9;50,8;48;2,5
02/11/2018;14,1;11,6;0;35,2;30,1;23,3;46,5;37;2,8
03/11/2018;15,6;11,4;0;35,3;30,2;24,5;46,5;41;3,4
04/11/2018;14,7;11,1;0;35;30;24,3;49,8;43;2,5
05/11/2018;14,3;11,3;0;36,4;31,1;24,7;43;33;2,5
06/11/2018;16,7;7,4;0;35;29,6;24,3;45,8;37;2,8
07/11/2018;15,2;11,5;0;34,6;29,3;23,8;53,5;40;2,2
08/11/2018;15,1;9,6;0;34,8;30,2;25,2;49,3;41;3,3
09/11/2018;14,9;11,4;0;35,2;30,7;24,7;47,5;38;3,3
10/11/2018;16,5;8,8;0;35,8;30,8;25,3;48,8;41;3
11/11/2018;15,1;11,4;0;36,5;30,6;24,7;49,5;41;2,5
12/11/2018;15,1;6,7;0;34,8;29,8;25,3;48,3;37;3,3
13/11/2018;16,8;9,2;0;36;30,7;25,7;46,3;37;3,3
14/11/2018;16;11,6;0;36,2;30,6;24,1;43,3;33;3,3
15/11/2018;17,8;10,5;0;34,8;30;24,8;49;35;3,4
16/11/2018;15,3;11,1;0;35,2;30,6;24,7;46;41;3,6
17/11/2018;15,7;8,4;0;35;30;25,5;50,8;40;3,2
18/11/2018;16,5;9,3;0;35,7;30;24,2;42,8;34;3,5
19/11/2018;18,9;11;0;35;29,3;22,7;43,3;35;2,8
20/11/2018;17;10,4;0;35;30;24,6;46,5;37;2,8
21/11/2018;17,5;8,5;0;35,5;30,1;24,9;47,5;37;3,9
22/11/2018;16,5;10,7;0;35,1;29,9;24,3;48,3;37;3,2
23/11/2018;17,1;7,8;0;33,4;28,9;24,1;50,5;40;3,3
24/11/2018;14,1;9,4;0;34,6;29,6;23,9;51,3;44;3
25/11/2018;14,6;4,2;0;32,4;29,1;24,9;54,3;49;2,2
26/11/2018;12,8;0;0;29,2;25,4;23,7;71,5;52;3,3
27/11/2018;7,8;,8;0;30;26,1;22,1;60;48;3,3
28/11/2018;12;9;0;33,9;28,6;24,3;56,5;43;3,3
29/11/2018;14,2;11,4;0;35,1;29,3;23,3;50,5;41;3,6
30/11/2018;14,7;9,1;0;34,2;30;25;51,3;43;3,5
01/12/2018;11,8;3,8;0;33,2;27,5;23,2;67,8;50;2,5
02/12/2018;6,3;2,8;,8;35,4;26,2;22,1;85;74;3
03/12/2018;4,4;4;26,4;32,8;25,7;22,2;78;78;2,3
04/12/2018;9,8;,1;14,1;26,4;24,1;22,9;92;87;,9
05/12/2018;1,8;1,8;1;29,5;25;22,9;87;88;2,3
06/12/2018;3,4;3,4;0;30,5;25,2;22,9;88;84;1,1
07/12/2018;4,7;9,7;0;33,8;28,5;22,7;69;78;2
08/12/2018;9;11,3;0;35;30,1;24,5;63;65;1,7
09/12/2018;9,8;2,3;4,5;26,8;24,4;22,9;83;62;2,4
10/12/2018;3,9;1,7;1,6;30,6;25,8;23,9;81;79;2,8
11/12/2018;6,2;11,2;0;33,2;27,8;23,1;64;69;3,7
12/12/2018;13,4;9,6;0;32,5;27,4;22,3;57;62;4,2
13/12/2018;13,7;7,5;0;29,5;26;23,1;72;54;1,9
14/12/2018;8,2;9,3;0;31,6;26,9;22,1;56;76;2,9
15/12/2018;11,6;10,7;0;33;28,3;22,2;53;54;2,5
16/12/2018;13,6;4,9;0;31,9;27,1;23,3;53;52;2,5
17/12/2018;11,4;10,7;0;32,2;26,8;22,6;69;52;4,2
18/12/2018;14,2;9,2;0;33,3;28,4;23,9;62;67;3,5
19/12/2018;14;10,6;0;34,2;28,6;24,6;57;58;2,9
20/12/2018;14,3;10,9;0;34,3;28,4;22,7;56;51;2,7
21/12/2018;14,7;4,3;0;33,4;27,9;23,6;59;53;2,9
22/12/2018;11,7;10,3;0;35,3;29;23,2;50;57;3,1
23/12/2018;15,5;8,7;0;34,4;29;24,3;59;40;2,4
24/12/2018;12,8;5,4;0;30,9;27;25,5;67;55;3,5
25/12/2018;9,2;7,6;0;33,4;28,9;23,9;64;65;3,3
26/12/2018;11,4;11,7;0;35,2;29,8;24,2;50;62;2,9
27/12/2018;15,6;11,8;0;35,8;30,3;24,1;52;44;2,2
28/12/2018;15,1;11,6;0;36;30,6;25,2;53;47;2,6
29/12/2018;15,6;11,2;0;35,9;30,6;25,6;57;49;3
30/12/2018;13,8;6,5;0;33,6;29,3;25,1;58;54;3
31/12/2018;12,9;11,5;0;33,4;29,3;24,1;56;55;2,1
01/01/2019;16,3;9,3;0;35,6;30,4;25,4;52;52;2,7
02/01/2019;18,2;10,7;0;35,5;30,3;25,5;52;47;2,9
03/01/2019;18,7;11,8;0;35,6;29,7;23,3;50;45;2,9
04/01/2019;16,6;11,3;0;35,8;28,7;24,5;63;43;3,3
05/01/2019;12,6;5,9;0;33,4;28,6;23,7;59;62;2,9
06/01/2019;12,6;null;0;null;null;28,9;null;53;3,3
07/01/2019;12,1;3,6;0;31,5;27,2;24,9;62;68;2,5
08/01/2019;12,5;4,7;0;32,3;27,6;23,7;58;59;3,3
09/01/2019;13,6;8,1;0;33,6;29;23,1;56;53;2,5
10/01/2019;13,9;1;0;33,4;28,5;24,9;59;49;2,5
11/01/2019;13,3;7,7;0;34,6;29,4;23,7;54;53;3,4
12/01/2019;14,9;11,5;0;35,4;29,7;24,1;54;49;2,5
13/01/2019;null;null;null;null;null;null;null;48;null
14/01/2019;16,5;2,3;0;33,4;28,2;24,1;66;68;3,8
15/01/2019;10;10,5;2,8;35,3;29,7;23,9;58;65;3
16/01/2019;14,2;5,1;0;34,2;28,7;23,5;54;55;2,9
17/01/2019;15;10,9;0;34,6;29,8;24,1;58;46;3,4
18/01/2019;13,3;10,1;0;35,3;30;24,9;52;55;3,3
19/01/2019;15,6;11,1;0;35,2;29,8;23,6;54;44;2,9
20/01/2019;null;null;null;null;null;null;null;50;null
21/01/2019;12,8;9,3;0;35,5;29,9;23,6;56;65;3,3
22/01/2019;15,2;11,2;0;36,5;30;23,9;47;51;3,8
23/01/2019;14,8;10,6;0;36,2;30,8;25,1;54;38;3,4
24/01/2019;16,2;11,5;0;35,5;30,3;25,3;52;48;2,9
25/01/2019;17,5;10,5;0;35;30,4;25,1;58;45;2,9
26/01/2019;16;10,5;0;35,8;30,4;24,7;49;55;2,9
27/01/2019;null;null;null;null;null;null;null;43;null
28/01/2019;15,8;6,2;0;35;28,5;24,5;63;63;3,4
29/01/2019;10;11,3;7;34,8;28,9;22,9;61;63;3,8
30/01/2019;13,8;11,9;0;35,8;29,7;23,3;52;58;3,4
31/01/2019;15,2;11,7;0;35,8;29,6;23,5;56;44;2,5
01/02/2019;15,3;10,2;0;35,4;30,1;24,1;50,3;39;3
02/02/2019;15,5;6,8;0;35,6;28,7;23,9;63,8;42;3,1
03/02/2019;10,2;5,6;7,2;34,6;29,5;24,5;54,3;46;2,2
04/02/2019;10,4;11,2;0;36,6;31,1;24,5;55,8;41;1,7
05/02/2019;11,6;5,8;0;36,8;30,3;24,4;57,8;44;2,5
06/02/2019;8,7;,4;,4;32,1;27,3;24,9;79;57;1,7
07/02/2019;4,8;3,2;1;32,5;28,3;25,1;72,5;63;1,9
08/02/2019;7,8;11,6;1,8;35,6;30,2;24;52;41;3,3
09/02/2019;18,5;10,9;0;35,4;31;25,1;52,5;43;3,3
10/02/2019;15,3;11,4;0;36,2;30,2;24,4;48;41;3,9
11/02/2019;18,1;9,7;0;36,4;30,6;24,8;46;36;3,5
12/02/2019;18,2;8,9;0;35,2;29,9;23,9;53,5;42;2,8
13/02/2019;14,2;9,2;0;35,9;31;25,7;52,8;43;2,1
14/02/2019;13;6,9;0;34;30,6;26,9;56,3;49;1,7
15/02/2019;11,5;9,9;0;36;29,7;26,3;62,8;47;3,6
16/02/2019;9,7;3,7;7,7;32,8;27,4;23,9;75;63;2
17/02/2019;6;7,8;0;34,2;28,4;24,5;67,8;49;2,5
18/02/2019;1,5;8;19,4;34,4;28,1;23,3;77,3;58;1,4
19/02/2019;1,5;10,6;0;33,8;29,9;25,7;63,8;49;1,9
20/02/2019;13,4;11,4;0;37;31;25,7;50;35;2,4
21/02/2019;13,8;11,8;0;35,2;30,5;26,1;59,5;43;2,5
22/02/2019;13,2;8,3;0;34,2;29,7;25,1;56,3;47;2
23/02/2019;10,4;6,5;0;34,9;30,6;26,7;55,8;48;2,7
24/02/2019;10,1;6,5;24,8;32,1;27,1;21,8;78;56;,8
25/02/2019;4,5;1,4;3,6;29,7;26,4;23,5;81;71;1,4
26/02/2019;3,6;9,1;0;33,4;27,6;23,3;70,8;63;1,7
27/02/2019;,6;4,3;2,5;31,3;27;23,1;73,3;62;1,3
28/02/2019;10,9;8,4;0;34;29,2;25,2;65;50;2,8
01/03/2019;9,2;10,1;0;34;29,7;25,7;61,8;51;2,2
02/03/2019;11;10,1;0;34,2;29,8;25,4;57,5;45;2,3
03/03/2019;12,8;10,9;0;34,4;29,7;24,7;58,5;44;2,8
04/03/2019;11,3;8,2;17,6;31,3;25,4;21,3;82;60;2,8
05/03/2019;3,5;9,9;10;32,6;27,4;22,7;67,8;56;3,6
06/03/2019;9,2;11,2;0;33,8;28,4;24;59,8;43;3,2
07/03/2019;12,4;8,1;0;33,6;28,7;24,1;60,8;49;3,2
08/03/2019;11,5;11,1;0;34,6;29,7;24,5;55;42;2,5
09/03/2019;11,5;11,1;0;34,8;29,4;24,4;54,8;34;2,8
10/03/2019;13,1;11,4;0;35,2;29,6;24,6;49;36;2,1
11/03/2019;13,3;11,5;0;35,4;29,9;24,3;49,3;38;2,2
12/03/2019;14,5;10,3;0;36,4;29,4;24,5;58;40;2,8
13/03/2019;8,9;10,3;,4;36,4;28,7;24,7;65;41;2,2
14/03/2019;9,8;7,1;1,2;35,4;28,1;24,8;70,3;49;1,9
15/03/2019;7,7;10,9;,3;34,8;28,3;25;69;48;1,9
16/03/2019;9,2;11;0;35,4;29,5;24,5;54;38;2,4
17/03/2019;10,8;11,1;0;35,4;29,5;24,7;60,8;44;2
18/03/2019;5,6;9,8;0;36,2;30,4;25;60,5;44;1,4
19/03/2019;14,8;10,4;0;36,6;30,7;25,5;59;52;2,5
20/03/2019;15,2;9,7;0;37,4;30,5;26,4;61,3;44;2,3
21/03/2019;10,8;,6;0;34;28,4;26,1;71,8;55;2,6
22/03/2019;6,2;5,6;0;34,5;29,2;25,1;65,8;51;2,2
23/03/2019;7,4;2;4,4;30,9;26,2;23,5;90;69;1
24/03/2019;2,5;2,2;26,4;30,7;26,2;21,9;78,8;60;,6
25/03/2019;14;2,7;0;30,1;26,5;23,3;81;77;1,9
26/03/2019;4;10,5;0;33;28,2;23,8;64,8;51;3,3
27/03/2019;7,9;6,2;1,8;32,3;26,7;24,7;78,3;58;2,3
28/03/2019;7,7;8,1;,4;32,9;28,3;24,3;65;54;3,1
29/03/2019;8,9;9,3;0;32,8;27,5;23,1;67;51;2,8
30/03/2019;9,5;10,2;1;32,8;26,9;24,1;71,8;57;3,2
31/03/2019;8,6;9,3;0;32,9;28,5;24,4;64,3;52;3
01/04/2019;8,7;5;0;31,7;27,9;24,7;68,3;58;2,8
02/04/2019;7,8;6,6;0;33,4;28,7;25;66;51;3,3
03/04/2019;8,9;10,7;0;34;29,1;24,9;65;57;2,2
04/04/2019;9;8,4;0;33,8;29,1;25,1;66,5;51;2,3
05/04/2019;7,5;5,4;,4;31,7;25,6;23,3;90,3;75;3
06/04/2019;3,1;10;26,4;32,2;27,8;23,1;67,3;57;2,7
07/04/2019;6,5;9,9;0;32,8;28,3;23,9;66,3;55;2,1
08/04/2019;4;7,7;0;32,8;28,5;24,3;67;55;2,5
09/04/2019;6,5;10,2;0;33,4;29;26;67,5;57;2,8
10/04/2019;8,5;8,5;0;34,2;29,2;25,4;65;53;2,2
11/04/2019;7,4;5,7;0;32,8;29;26,7;68,8;59;2,3
12/04/2019;9,2;10,6;0;34,4;29,8;25,1;56,5;49;2,8
13/04/2019;12;9,4;0;33,3;28,4;24,3;62,5;48;2,6
14/04/2019;11,4;8,5;0;33,4;28;23;64,5;47;2,2
15/04/2019;8,4;10,7;3,4;33,4;28,1;23,7;64,5;47;2,2
16/04/2019;10,6;10,6;0;33,6;28,3;23,9;64,8;51;2,8
17/04/2019;9,4;9,9;0;33,9;29;24,5;63;53;1,8
18/04/2019;8,3;9,1;1;34,8;29,3;24,2;65;50;2,4
19/04/2019;8,5;9;0;34,4;29,5;25,1;64,8;66;2,2
20/04/2019;9,5;9,7;0;33,8;28,7;24,8;59,5;46;2,9
21/04/2019;10,3;3,8;0;33;28,8;25;65,5;54;3,3
22/04/2019;9,6;10,7;0;34,8;29,3;24,3;56,5;42;2,8
23/04/2019;11,6;7,5;0;33,6;28,2;24,9;62,8;44;3,6
24/04/2019;12,5;10,6;0;34,2;29;24,3;53,3;40;3,8
25/04/2019;13,2;9,7;0;33,9;27,9;23,2;56,5;41;3,4
26/04/2019;13,2;9,9;0;34,2;28,5;23,7;55,3;39;3,2
27/04/2019;12,7;8,9;0;33,9;28,7;24,1;54;43;2,8
28/04/2019;12,1;9,6;0;33,4;28,7;23,9;56,5;40;2,2
29/04/2019;10,6;10,7;0;35,8;29,9;24;54,8;43;2,2
30/04/2019;11,9;8,8;0;36,2;30,9;26,1;52;40;2,8
01/05/2019;13,9;5,8;0;33;28,2;25,9;70,8;51;2,8
02/05/2019;6,8;8,3;4,2;33,3;28,9;24,7;63;54;2,9
03/05/2019;10;9,9;,8;34,8;29,2;24,3;53,8;46;2,9
04/05/2019;14,2;10,6;0;34;28,4;23,4;55,8;45;2,9
05/05/2019;12,8;10,7;0;34,6;28,3;22,3;51,3;34;3,2
06/05/2019;15,6;10,9;0;34,2;28,2;22,1;54;39;2,9
07/05/2019;14,1;11;0;34;28,1;22,9;57,5;40;1,7
08/05/2019;12,6;3,9;0;33,3;28,7;24,6;61;51;2,5
09/05/2019;12,1;5;0;33,4;29,1;25,1;50,8;44;3
10/05/2019;12,6;10;0;34,4;28,1;23,5;60,8;40;3,3
11/05/2019;11,6;7;0;33,9;27,9;25;64,8;42;3
12/05/2019;10,3;8,6;0;34;28,1;22,5;59;45;3
13/05/2019;9,9;9,4;0;34,4;28;24;67;49;2,8
14/05/2019;8,5;10,2;,8;34,4;29,2;24,1;57,8;45;3,3
15/05/2019;10,9;9,1;0;32,8;28,5;24,1;59,5;52;2,8
16/05/2019;9;8,6;0;34;29,1;25,2;57,8;48;2,8
17/05/2019;9,5;3,9;15,8;31,7;27;23;67,8;53;2,5
18/05/2019;7,6;8,9;0;33,6;28,5;24,1;61,3;50;2,6
19/05/2019;9,3;7,9;0;33,6;28,7;24,5;54,5;37;2,2
20/05/2019;10,6;9,2;0;33,4;28,8;25,1;56,8;48;2,8
21/05/2019;10;8;0;34;29,2;23,7;54,3;42;2,6
22/05/2019;11,4;5,5;0;32,8;27,2;23,7;68,8;51;3,3
23/05/2019;7,3;10,4;0;33,8;28,2;24;53,3;36;3,1
24/05/2019;12,1;10,8;0;34;28,7;23,4;51,8;40;3,2
25/05/2019;12,4;10,9;0;35;28,9;23,1;48,3;36;3,2
26/05/2019;14;10,8;0;34,8;28,7;22,9;47,3;33;3,9
27/05/2019;14,7;10,8;0;33,6;28,3;23,7;51;37;2,9
28/05/2019;12,8;9,5;0;32,3;27,6;23,6;58;46;4,2
29/05/2019;11;9,7;0;33,5;28,2;23,9;55;40;2,2
30/05/2019;11,5;7,9;0;33;28,2;23,7;55,5;43;3,3
31/05/2019;10,1;10,7;0;33,4;28,1;23,1;53;38;1,9
01/06/2019;11,3;10,8;0;33,4;27,9;22,5;51,8;36;2
02/06/2019;10,9;8,8;0;33,4;28,5;24,9;58,3;48;3,2
03/06/2019;10,3;10,1;0;33,8;28;23,4;46,3;30;2,9
04/06/2019;12,7;9,7;0;33,6;27,9;22,2;53;42;2,6
05/06/2019;11,6;10,9;0;33,4;27,7;22,5;43,8;28;2,2
06/06/2019;13,9;6;0;29,7;24,8;22,7;73;44;4,2
07/06/2019;6,6;,6;0;26,7;23,3;21,9;78,3;64;2,9
08/06/2019;11,1;6,4;4,4;30,2;25,5;21,1;63,8;47;2,4
09/06/2019;7,5;10,4;0;31,3;25;21;70;48;3
10/06/2019;8,8;5;0;28,9;23,9;21,8;80,3;68;3,4
11/06/2019;4,6;4,4;2,1;29,6;24,7;20,9;71,5;57;2,8
12/06/2019;7,2;8,3;0;30,5;25,4;22,5;66;46;3,6
13/06/2019;9,6;4,5;0;29,9;24,7;22,1;72;57;3,1
14/06/2019;6,4;10,5;0;30,9;25,8;21,5;56,8;34;3,9
15/06/2019;11,7;10,3;0;31,2;26,1;22,1;54;39;4,2
16/06/2019;12;10,6;0;31,3;25,9;21,1;52,3;34;3,1
17/06/2019;11,8;5,5;0;31,1;26,6;22,1;59;49;2,9
18/06/2019;9,7;3,4;,5;29,7;24,3;22,2;76,3;52;4,4
19/06/2019;7,5;10,4;0;30,4;25,1;20,9;65;46;3,3
20/06/2019;9,2;9;0;30,5;24,8;21,7;71,5;49;3
21/06/2019;7,9;10,6;0;31,3;25,7;21;57;41;3,3
22/06/2019;11,6;9,9;0;30,8;25,1;20,7;62;48;2,8
23/06/2019;10,7;5,9;0;30,1;25;21,1;70;64;3
24/06/2019;6;9,2;1,2;31,5;25,5;21,7;64;43;3,6
25/06/2019;9,9;9,2;0;30,9;25,5;20,6;59,3;45;2,7
26/06/2019;10,6;10,6;0;30,7;25,2;20,1;61,3;45;3,1
27/06/2019;11,5;5,1;0;29,9;24,8;20,7;68,5;54;2,8
28/06/2019;8,8;9,5;0;31,1;25,9;21,3;56,5;44;3
29/06/2019;12,2;4,5;0;30,7;25,4;21,1;58;46;3,5
30/06/2019;11,4;4,3;0;29,2;25,2;21,4;64,8;56;3,2
01/07/2019;8,2;10,1;0;31,9;25,7;19,9;64;68;3,3
02/07/2019;11,6;7,8;0;31,1;26,5;22;63;61;2,5
03/07/2019;10;10,5;0;31,9;26,7;20,9;59;59;2,9
04/07/2019;10,5;9,9;0;34,2;28,2;22,6;61;52;3
05/07/2019;11,1;10,7;0;34,6;28,5;23,4;60;55;2,9
06/07/2019;11,3;10,2;0;35,4;29,3;23,2;59;53;1,7
07/07/2019;11;8,9;0;34,6;28,1;23,7;null;55;3,5
08/07/2019;10,2;4,6;1,3;31,8;23,4;20,9;88;65;3,1
09/07/2019;4,9;2,4;,3;26,2;22,7;20,3;76;77;3,2
10/07/2019;6,3;2,9;0;26,3;23,3;20;71;68;3,2
11/07/2019;7,5;2;0;29,5;24,7;21,5;69;72;3,4
12/07/2019;8,3;5,6;0;29,6;24,9;20,7;66;61;2,9
13/07/2019;8,7;6,8;0;29,5;24,6;21,1;75;66;3,3
14/07/2019;7;9,8;0;30,9;25,7;21,2;66;66;2,5
15/07/2019;9,7;8,8;0;30,1;24,9;20,6;null;66;2,5
16/07/2019;9,2;10,9;0;31,5;25,4;20,8;50;57;3,3
17/07/2019;13,7;10,8;0;33,6;25,5;18,9;null;46;2,8
18/07/2019;14,3;6,6;0;29,1;23,2;19,6;null;46;4,4
19/07/2019;8,8;3,3;0;26,3;23,4;20,3;null;66;3,2
20/07/2019;9,3;3,8;0;27,9;24,5;20,2;null;65;4,5
21/07/2019;10,5;10;0;30,1;24,1;21;null;55;4,6
22/07/2019;11,7;7,4;0;28,7;24,2;21,2;70;65;3,8
23/07/2019;10,8;8,6;0;30,5;25,7;21,2;60;69;3,9
24/07/2019;10,9;7,1;0;32;26,3;21,8;60;56;3,8
25/07/2019;11,6;8,1;0;30,9;25;20,8;64;57;3,8
26/07/2019;11,4;10,4;0;30,3;24,8;19,9;60;62;3,5
27/07/2019;11,8;10,6;0;29,8;24,6;20,4;65;55;3
28/07/2019;10,4;8,8;0;30,1;24,3;20,9;74;64;3,4
29/07/2019;8,5;10,9;0;30,6;25;20,2;61;66;3,3
30/07/2019;11,6;4,2;0;29,5;24,4;21,4;73;59;4
31/07/2019;7,5;10,7;0;31,3;25,4;20,1;62;66;3
01/08/2019;11,3;10,9;0;31,3;25,1;20;57;43;3,3
02/08/2019;11,8;10,8;0;31,3;25,5;20,1;54,3;44;3,9
03/08/2019;12,1;10,9;0;32,3;25,6;20,5;50,5;37;3,3
04/08/2019;12,4;10,9;0;31,9;25,6;20,3;56,8;38;3
05/08/2019;12,6;9;0;31;24,1;21,5;68;42;4,4
06/08/2019;11;9,2;,5;29,5;24,4;20,1;63,5;66;4,7
07/08/2019;10,1;5,7;0;26,5;22,7;20,8;77,8;58;3,3
08/08/2019;4,2;7,4;3;28,8;24,2;19,5;58,8;47;3,7
09/08/2019;9,9;8;0;28,3;23,9;18,6;64;57;3,3
10/08/2019;9,8;5,1;0;29,8;24,8;21,5;67,8;53;3,6
11/08/2019;9;9,3;0;31,1;25,5;20,3;61,8;48;3,4
12/08/2019;10,7;7,9;0;30,5;24,5;21,6;72;58;4,2
13/08/2019;8;10,6;,4;31,1;26,1;20,9;58;40;3,2
14/08/2019;11,3;6,4;0;30,5;25,1;20,5;59,5;47;3,1
15/08/2019;12,4;7,4;0;30,3;25;21,7;57,5;43;3,9
16/08/2019;12,3;10;0;30,9;25,6;19,9;48,8;35;4,4
17/08/2019;15,1;10,2;0;30,9;25,6;19,9;54,3;46;3,9
18/08/2019;12,1;6,8;0;31,3;26,3;21,8;55,8;40;2,2
19/08/2019;10,5;10,6;0;32,8;26,9;22;53;41;3,3
20/08/2019;11,4;8,8;0;33,6;26,7;21,4;57;45;2,9
21/08/2019;12,6;10,6;0;33,4;26,5;20,9;53,3;35;2,8
22/08/2019;13,8;10,9;0;32,8;26;20,6;50,3;39;3,7
23/08/2019;15,1;10,7;0;31,7;25,8;20;51,3;39;3,5
24/08/2019;13,4;9,1;0;32,1;25,9;20;51,8;35;3,2
25/08/2019;13,5;10,4;0;32,2;26,2;21,4;54,5;39;3,9
26/08/2019;13,7;5;0;29,7;25;20,9;60,3;52;3,9
27/08/2019;11,2;6,2;0;30,8;25,1;21,1;60,5;48;3,6
28/08/2019;10,3;11,1;0;31,5;25,4;20,1;52,5;35;3,3
29/08/2019;13,5;9,8;0;31,1;24,6;20,6;63,8;43;3,6
30/08/2019;9,7;8,5;0;30,9;26;21,1;54;45;3,2
31/08/2019;12,1;10,9;0;32,2;26,2;20,6;53,3;44;3,2
01/09/2019;12,1;10;0;32,8;26,7;20,7;52;39;2
02/09/2019;12,3;9,5;0;34,5;28,1;22,2;51,5;42;2,8
03/09/2019;12,7;8,6;0;33,6;28,6;24;50;41;3,1
04/09/2019;13;9,7;0;33;27,2;21,8;53,5;42;3,3
05/09/2019;12;10,4;0;33,2;26,8;21,1;49,8;36;4
06/09/2019;14,6;7,7;0;31,5;26,5;22,6;53;41;4,3
07/09/2019;14,5;9,8;0;32,1;25,9;20,1;50,5;36;4,2
08/09/2019;15,8;9,6;0;34,2;27,1;22,9;58,3;35;4,4
09/09/2019;14,8;7,1;0;31,2;26,1;21,6;62,8;53;3,7
10/09/2019;9,8;8,7;0;32,3;25,9;22,1;64,5;43;4,1
11/09/2019;10;6,7;0;32,1;25,7;21,2;66;46;4,2
12/09/2019;10;9,2;0;34;27,7;22,7;52,8;42;3,9
13/09/2019;13,1;11;0;35,2;28,3;21,2;43,8;33;3,2
14/09/2019;14,5;7,7;0;33,8;27,4;22,1;49,8;38;3,4
15/09/2019;13,8;11,1;0;34,2;27,2;20,6;51,3;33;3,6
16/09/2019;13,8;6,8;1;30,1;25,7;21,3;57,5;51;3,9
17/09/2019;11,1;10,5;0;32,6;26,5;19,9;50;36;4,1
18/09/2019;13,6;5,1;0;32,8;27,5;22,6;54,8;45;2,8
19/09/2019;10,8;9;0;34,8;28,1;21,9;49;35;3,6
20/09/2019;14,7;11,1;0;35,4;28,2;21,2;45,3;32;3,5
21/09/2019;17;9,7;0;35,2;28,7;22,5;47,3;39;3,6
22/09/2019;17,5;11;0;33,8;27,7;21,5;47,3;35;3
23/09/2019;16,4;9,7;0;34,7;26,7;21,4;59,5;39;4,2
24/09/2019;14,8;11,1;0;34;27,8;22,7;46,3;30;4,2
25/09/2019;16,5;11,2;0;34;27,7;21,1;42,8;26;2,8
26/09/2019;18,5;8,3;0;33,6;27,8;23,3;56,5;40;2,5
27/09/2019;13,3;11;0;36,2;29,5;22,4;49;36;3,1
28/09/2019;15;11;0;38;30,7;24,7;50,5;33;3,5
29/09/2019;17,4;10,8;0;35,2;29,8;23,7;48,5;41;4,2
30/09/2019;16,2;10,5;0;35,6;30;23,6;47,3;40;3,5
01/10/2019;16,1;10,4;0;34,2;28,6;23,2;51,8;39;3,3
02/10/2019;15,5;10,8;0;33,4;28,3;23,3;55;51;3,9
03/10/2019;12,5;7,8;0;33,6;28;23,1;57,3;48;2,8
04/10/2019;13,2;10,7;0;34,8;29,3;24,1;49;36;3,1
05/10/2019;16,5;8;0;33,4;27,5;22,3;50;38;3,2
06/10/2019;17,7;8,1;0;33,5;27,6;21,4;47,5;35;2,9
07/10/2019;14,6;8,9;0;35;29,1;22,8;49,3;39;2,6
08/10/2019;15;7,7;0;34,7;29;24;44,8;36;3,9
09/10/2019;17;11,2;0;35,4;28,6;21,9;42;31;4,4
10/10/2019;18,3;8;0;34,4;27,5;22,1;54;38;4,4
11/10/2019;16,2;9,2;0;33,8;28;23,1;50,5;39;4,7
12/10/2019;15,1;6,9;0;34;28,4;23;50,5;37;3,9
13/10/2019;15;11,2;0;34,4;28,2;21,9;46,3;33;3,3
14/10/2019;18,3;9,8;0;35,3;28,6;21,3;48,5;37;3,5
15/10/2019;15,8;8,5;0;35,8;29,2;22,9;49;40;3,3
16/10/2019;15,1;7,2;0;33,2;28,3;22,9;50,5;42;4,4
17/10/2019;15,2;11,4;0;35;28,7;21,9;47,5;40;2,5
18/10/2019;17;11,5;0;34,6;29,3;22,7;46,5;36;2,5
19/10/2019;16,1;11;0;35,3;29,3;22,9;51,3;44;2,8
20/10/2019;13,5;11,5;0;37,9;31,7;24,8;46;34;2,2
21/10/2019;16,3;11,2;0;36,8;30,3;21,1;52,8;36;2,6
22/10/2019;13,3;8,6;0;36,8;30,5;27,6;60,3;47;2,4
23/10/2019;8,7;10,3;5,7;35,2;29,1;22,5;64,3;47;1,1
24/10/2019;10,5;11,2;0;34,8;29,4;24,4;52,8;37;2,4
25/10/2019;14,6;11,2;0;35,6;29,7;23,3;44,3;30;3,8
26/10/2019;17,2;10,3;0;35,8;29,8;22,8;47;37;3,8
27/10/2019;16,5;7,6;0;35;30,2;24,9;45,8;37;3,3
28/10/2019;16,4;11,4;0;36,4;29,7;24,2;44;32;4
29/10/2019;18,3;11,1;0;35,2;29,1;23,1;44,3;30;3,9
30/10/2019;19,8;11,6;0;35,2;29,1;22,3;46,3;32;3,3
31/10/2019;17,8;8;0;34,2;28,8;22,5;51,5;43;3,9
01/11/2019;14,5;7,7;0;35,2;29,6;23,4;45,8;41;2,4
02/11/2019;15,8;10,6;0;35;29,4;23,6;44,5;38;3
03/11/2019;18,5;10,5;0;34,7;28,6;22,6;53,3;38;2,5
04/11/2019;14,5;10,5;0;36,1;30,5;24,7;47,3;39;3
05/11/2019;15,8;11,5;0;37,1;31,1;25;42,5;34;3,1
06/11/2019;18;11,4;0;37,4;30,5;23,8;47,3;34;3,3
07/11/2019;17,2;11,4;0;36,6;30,7;24,5;43,8;37;4,1
08/11/2019;17,8;8,9;0;35,6;29,7;22,9;47,8;35;3,4
09/11/2019;17,7;9;0;36,6;30;23,9;44,8;37;3,9
10/11/2019;17,8;11,5;0;36,2;30,1;23,3;46;33;3,1
11/11/2019;18,5;7,6;0;35,6;29,6;23,6;50;36;3,2
12/11/2019;17;9,9;0;36,8;30,1;24,3;44;32;3,3
13/11/2019;19,5;9;0;35,8;29,7;23,3;43,8;34;2,7
14/11/2019;17,2;10,7;0;35,6;29,5;23,5;46,3;33;2,4
15/11/2019;16;11,5;0;37,6;30,9;23,9;45;30;2,2
16/11/2019;15;11,7;0;37,9;31,9;25,3;48,8;33;1,9
17/11/2019;15,6;10,3;0;36,4;31,9;26,7;48;39;2,4
18/11/2019;14,5;7,9;0;35,4;29,6;25;52,3;42;2,6
19/11/2019;13,7;8,7;0;35,8;29,3;23,7;45,5;32;2,3
20/11/2019;14,5;11,8;0;36,2;29,7;23,5;43,8;33;2,5
21/11/2019;18;11,1;0;35,3;29,6;23,1;44,8;36;3,3
22/11/2019;17,6;6;0;34,6;29;23,9;56;42;2,6
23/11/2019;13,6;11,8;0;36,2;29,9;24,3;55;41;2,5
24/11/2019;12,4;10,1;0;40,2;33,2;27,1;46,3;35;1,7
25/11/2019;13,6;4,8;,8;34,8;28,9;24,8;66;49;,8
26/11/2019;9,4;4;0;36,8;28,3;25,1;66,8;48;2,8
27/11/2019;10;6,7;0;33,4;27,7;24,7;65,5;49;3,3
28/11/2019;9,6;10,3;0;35;29,8;23,7;53,8;45;2,8
29/11/2019;15,4;11,7;0;37,2;31,4;24,9;46,3;38;2,7
30/11/2019;16,1;10,1;0;38,8;31,1;25,3;46,3;30;3
01/12/2019;18,8;11,8;0;38,3;31,2;25,3;37,8;25;2,9
02/12/2019;18,6;11,9;0;39,2;32,9;25,1;37;28;2,6
03/12/2019;17,8;11,2;0;39,6;34,2;28,4;38,8;32;2,7
04/12/2019;18,4;11,5;0;36,6;30,9;24,5;48,5;38;2,8
05/12/2019;18,5;11,3;0;36,2;30,1;23,8;43,8;30;2,5
06/12/2019;16,7;11,7;0;37,3;31,2;25,2;45,8;32;1,7
07/12/2019;14,6;11,2;0;38,6;32,6;25,9;39,3;28;2,6
08/12/2019;14,9;6,7;0;35,2;30,9;28;55,3;44;1,4
09/12/2019;10;9,5;6,8;34,8;29,3;23,9;50,8;40;2,6
10/12/2019;13,1;10,8;0;35,2;30;24,1;51,5;41;2,3
11/12/2019;15,6;9,1;0;34,4;29,7;24,5;52,8;40;2,8
12/12/2019;16,2;10,9;0;36,3;30,2;24,3;48,5;35;4
13/12/2019;19;11,9;0;36,4;30,2;23,8;42,5;32;3,6
14/12/2019;19,6;11,5;0;36;30;23,9;49;37;3,7
15/12/2019;17,8;10,6;0;34,9;29,4;24,1;53,5;45;4
16/12/2019;17;10,9;0;35,4;30,2;24,1;47,3;36;3
17/12/2019;18;8,6;0;35,2;29,8;24,8;53;43;2,6
18/12/2019;15,2;11,8;0;36,4;30,6;24,2;48,5;42;3,3
19/12/2019;17,6;10;0;36;30,3;24,4;47,3;38;3,2
20/12/2019;19,1;9;0;35,6;30,7;25,5;47,3;37;4,5
21/12/2019;20;11,7;0;35,8;30,2;24;47,3;41;3,9
22/12/2019;19,5;12;0;36,9;30,5;23,8;44,5;30;3,9
23/12/2019;20,4;12;0;37;30,7;24;47;38;3
24/12/2019;17,3;11,8;0;37;31,4;25;46;38;3,2
25/12/2019;18,6;11,8;0;36,6;31,2;25,1;47;39;3,1
26/12/2019;18,6;9,4;0;36,2;30,6;24,7;45,8;33;3,3
27/12/2019;18,7;8,6;0;34,8;29,4;24,2;48,5;36;3,1
28/12/2019;17;,8;0;31,5;28;24,3;59;45;3,8
29/12/2019;12,5;6,9;0;34,6;29,7;24,2;53,8;43;3,2
30/12/2019;15;4,3;0;34;28,7;25,1;58;46;3
31/12/2019;10;,2;16,5;29;24,7;22,1;89;60;2
01/01/2020;2,4;2,3;11,2;31,1;26;22,2;76,3;87;,9
02/01/2020;5,7;5,7;0;34;27,7;22,3;75;76;2,4
03/01/2020;7,5;,8;6,4;30,6;26,9;24,6;76;75;2,9
04/01/2020;5,7;,1;0;29,7;25,5;23,5;81;74;2,3
05/01/2020;null;null;null;null;null;null;null;85;null
06/01/2020;5,8;7,5;,4;35,2;26,9;22,2;81;68;3,4
07/01/2020;3,4;9,9;43,8;33,6;28,7;23,3;77;78;,9
08/01/2020;8,3;10;0;33,8;29,3;26,5;67;67;2,1
09/01/2020;10,4;11,4;0;34,4;29,3;24,1;52;59;2,9
10/01/2020;13,1;11,2;0;34,2;29,1;24,1;57;49;2,5
11/01/2020;13,5;11,1;0;34,3;29;24,8;68;52;1,7
12/01/2020;null;null;null;null;null;null;null;70;null
13/01/2020;13,2;12;1,5;35,7;30,4;24,3;52;54;2,1
14/01/2020;13,6;8,3;0;35,4;30,1;25,7;54;51;1,7
15/01/2020;14;10,7;0;34,8;29,1;23,8;54;45;1,7
16/01/2020;14,6;11,7;0;35,4;29,9;24,2;52;49;2,1
17/01/2020;15,1;11,6;0;36,2;30,5;24,9;51;48;2,5
18/01/2020;13,8;10,6;0;35,8;30,9;25,5;53;44;3,4
19/01/2020;null;null;null;null;null;null;null;47;null
20/01/2020;14,6;10,4;0;35,6;30,3;24,5;60;62;2,1
21/01/2020;12,8;8,3;0;37;30,4;25,9;55;56;3,3
22/01/2020;11,6;0;24,4;32,6;25,3;21,5;90;55;2,5
23/01/2020;2,2;0;16,4;27,3;23,6;22;92;87;1,7
24/01/2020;1,5;0;,8;30,3;26,2;22,1;85;88;1,7
25/01/2020;4;10,3;0;34,6;29,8;24,8;75;72;,9
26/01/2020;null;null;null;null;null;null;null;76;null
27/01/2020;6,3;1,9;1,4;30,9;26,7;22,5;83;85;1,7
28/01/2020;5,2;9,2;0;32,3;27,8;22,9;72;79;1,3
29/01/2020;8,1;10,1;0;33,4;28,1;24,1;68;68;2,1
30/01/2020;11,7;11,5;0;32,8;27,8;22,7;65;63;2,1
31/01/2020;10,3;10;0;33,2;28,4;23,3;65;63;2,1
01/02/2020;9,6;8,5;0;34,4;29,3;24;57,8;49;2
02/02/2020;11,3;1,8;0;31,5;28,4;25,6;68,5;54;2
03/02/2020;7,3;0;0;29,7;26,5;25,4;83,5;67;2,3
04/02/2020;4;5,8;0;31,3;27,7;24,5;69,5;62;2,3
05/02/2020;6,7;3,3;0;30,3;25,8;24,3;82;68;2,5
06/02/2020;4,5;3;17;29,7;25,3;21,1;84;71;1,1
07/02/2020;4;4,5;0;30,5;26,2;23,7;75,3;67;2,8
08/02/2020;6,7;2,4;0;30,7;26,8;22,3;79,3;73;2,2
09/02/2020;6,6;4;0;32,3;28,1;25,1;81,3;74;2,2
10/02/2020;8,9;11,4;0;34;29;24,6;65,3;51;3,3
11/02/2020;10,4;8,5;0;34,3;29,6;25,4;60,5;50;2,6
12/02/2020;12,5;11,1;0;33,3;28,2;22,9;62,5;46;1,7
13/02/2020;11,6;10;0;35,2;28,5;24,1;65,5;51;2,2
14/02/2020;10,8;8;0;34,4;29,6;25;60,5;51;3
15/02/2020;11,8;4,7;0;32,5;28,6;25,2;65;54;2,2
16/02/2020;10;11;0;33,6;29,1;23,9;57;48;2,7
17/02/2020;13,4;10,3;0;34,6;29;23,8;61;42;2,2
18/02/2020;14,2;7,4;0;34,4;28,2;25,4;66,3;49;3,1
19/02/2020;11;11,2;0;34,8;29,7;24,9;52,5;36;2,5
20/02/2020;16,1;5,8;0;33,8;28,9;24,1;56,5;48;2,2
21/02/2020;11,6;1,3;2,8;30,4;26,6;22,7;74,8;53;1,1
22/02/2020;6,6;5,3;0;34,8;29,5;25,5;69,3;55;1,5
23/02/2020;8,3;3,9;0;34;29,7;25,5;67,5;51;1,4
24/02/2020;9;8,6;0;35,6;29,7;25,6;54,8;40;3,5
25/02/2020;14,5;11,4;0;35,4;30,4;24,8;55,8;46;2,8
26/02/2020;13,9;10,3;0;35,4;29,9;24,9;61,3;48;1,9
27/02/2020;11,6;11,1;0;36,8;30,7;25,3;59,3;45;1,6
28/02/2020;11,6;7;0;36,6;30,5;26,7;61,3;44;2
29/02/2020;10,6;10,4;0;36,6;31,2;26,5;60,5;44;2,9
01/03/2020;13,1;9,8;3,4;35,8;30,2;25,2;58,8;45;1,8
02/03/2020;10,5;10,7;,5;35,3;29,8;25,3;62,8;50;2,8
03/03/2020;10,8;4;0;33,2;28,3;25,7;68,3;54;2,2
04/03/2020;7,8;6,6;0;34,2;27;23,9;80,3;60;1,1
05/03/2020;8,1;,3;19,6;28,1;25,8;23,9;89,8;86;1,7
06/03/2020;6,6;5,4;,8;33,2;27,8;25;79,8;62;1,5
07/03/2020;5,2;6,6;2;32,9;28,4;24,9;74;64;1,7
08/03/2020;9;6,9;0;33,8;27,1;24,7;82,3;65;1,7
09/03/2020;6,9;10,7;19,2;33,6;29;24,6;70,5;53;2,1
10/03/2020;7,8;6,9;0;33,2;28,6;25,2;71;63;2,5
11/03/2020;6,5;5,1;6,6;33,2;28,2;24,2;68,8;63;2,8
12/03/2020;7,5;8,2;,4;34,2;29,5;25,3;60,3;52;2,9
13/03/2020;10,3;5,7;,3;32,6;28,1;25,2;68,8;55;2,4
14/03/2020;9,4;8,6;0;33,8;29,4;24,7;65,5;59;3,3
15/03/2020;11,2;5,8;0;33;27,8;25;64;50;3,6
16/03/2020;10,5;1,9;0;30,7;27,1;24,1;71,5;56;2,5
17/03/2020;6,1;7,1;0;34,6;28,8;24,2;65,3;50;2
18/03/2020;6,9;3,1;31,2;31,9;27,4;24,9;81,5;66;1,4
19/03/2020;4,5;2,1;,8;31,5;26,6;23,7;74,3;66;1,7
20/03/2020;3,9;5,8;0;32,1;27,4;24,4;75,8;57;2,8
21/03/2020;5,1;6;9,2;31,1;26,4;22,2;77;62;3,1
22/03/2020;4,8;10,4;0;34,2;28,9;23,9;68,8;55;2,8
23/03/2020;7,5;0;2,8;29,3;26,3;23,7;75,5;71;2,5
24/03/2020;4,8;9,4;0;33;28,7;27,3;65,3;52;3,1
25/03/2020;8,9;9,4;0;32,6;27,5;23,7;69,3;52;3,3
26/03/2020;8,5;1,9;1,2;31,7;27,4;23,9;67,5;56;3
27/03/2020;8,5;6,9;0;32,3;27,4;24,1;65,5;51;3,8
28/03/2020;8,9;10,1;0;34;28,6;23,9;61,8;57;3,4
29/03/2020;10,8;5,7;15,5;30,4;26;23,3;75,8;59;3,3
30/03/2020;6,1;2,9;0;30,3;26,6;23,2;69,3;69;3,1
31/03/2020;6,2;,2;0;29,9;26,4;23,8;72,8;64;3,2
01/04/2020;12,2;9,2;0;33,1;27,2;22,3;71,8;null;2,5
02/04/2020;8,3;1,5;0;30,7;26,5;22,3;68,5;null;2,3
03/04/2020;7,1;8,7;0;34,2;28,1;23,8;70,3;null;2,1
04/04/2020;7;6,5;0;34,6;29,6;24,7;66,5;null;1,5
05/04/2020;7,1;8,7;0;35,4;29,4;25,5;67,3;null;1,4
06/04/2020;8,3;10,3;,4;34,8;29,5;24,9;55,8;null;3,3
07/04/2020;11,7;10,6;0;34,2;29,4;25,6;63,3;null;2,3
08/04/2020;10,2;11;0;35,6;30,3;24,5;53,5;null;2,2
09/04/2020;10,5;9,3;0;35,6;29,8;24,9;64;52;2,2
10/04/2020;8,4;6,2;9,9;32,1;27,7;23,5;75,8;null;2,2
11/04/2020;5,7;1;15,8;30,5;26,4;23,7;85,3;null;1,2
12/04/2020;3,1;10,5;,8;33,4;28,5;24,9;68,5;null;2
13/04/2020;7,3;4,7;0;31,5;27,5;25,2;74,3;null;2,5
14/04/2020;6,4;4,6;0;31,9;27,6;24,9;70,5;null;2,8
15/04/2020;6,1;7,3;34,4;33;26,7;22,3;74,8;null;1,4
16/04/2020;5;8;,6;32,8;27,6;24,1;74,8;null;1,4
17/04/2020;7,8;9,9;0;32,1;27,1;24,8;77,3;null;2,6
18/04/2020;6,6;7,8;6,2;33;28,4;24,8;68,3;null;1,8
19/04/2020;6,9;7,4;0;31,1;26,3;24,7;82,8;null;1,9
20/04/2020;5;9,8;3,4;30,7;27,1;23,7;71;null;3,3
21/04/2020;7,6;6,6;0;30,7;26,5;23,9;72,8;null;2,7
22/04/2020;6,2;4,8;0;30,7;26,2;22,7;67,5;null;3
23/04/2020;7,7;6,6;0;31,7;26,3;22,4;70,3;null;2,8
24/04/2020;7,1;5;0;30,5;25,4;23,3;81,8;null;2,5
25/04/2020;5,5;3,4;5,6;29,7;25;22,2;76,8;null;3,4
26/04/2020;5,5;10,1;,4;30,9;25,9;21,8;74,5;null;3
27/04/2020;6,6;4;0;29,7;25,4;22,3;73,8;null;3,6
28/04/2020;7,2;5,9;0;30,2;26;22,5;68,3;null;3
29/04/2020;7,8;9,8;0;30,7;25,7;22,1;70;null;2,5
30/04/2020;7;9,4;0;31,9;26,7;22;67,3;null;2,5
01/05/2020;7,7;1,7;0;30,7;26,9;23,8;73,8;null;2,3
02/05/2020;5,5;7,3;0;32,3;27,2;23,8;73,5;null;2,5
03/05/2020;5,3;10,4;0;33,6;28,2;23,5;66;null;2,8
04/05/2020;6,2;7;0;33,2;27,5;24,1;64,8;null;2,8
05/05/2020;4,5;9,2;0;32,6;27,6;22,5;64;null;3,7
06/05/2020;3,8;3,9;0;31,1;27;23,1;72,3;null;3,4
07/05/2020;2,3;9,4;0;33,4;28,4;23,5;61,5;null;2,3
08/05/2020;6,5;5,5;0;32,6;27,6;24,8;72,5;null;2,7
09/05/2020;8,2;,8;,2;28;24,9;23,8;74,5;null;3,5
10/05/2020;7,6;4,7;0;28,7;24,2;22,1;77;null;3,2
11/05/2020;6,8;5,7;0;30,5;25,3;21,7;70,3;null;2,8
12/05/2020;8,8;7,2;0;31,9;25,7;23;79;null;3,4
13/05/2020;8;9,3;,8;31,5;26,9;23,1;71;null;3
14/05/2020;8;5,2;0;31,1;27;23,5;71;null;2,8
15/05/2020;7,3;8,8;0;33,5;27,3;23,1;66,8;null;3,1
16/05/2020;10,4;10,6;0;33;27,6;23;64;null;2,6
17/05/2020;10,2;10,6;0;33,4;27,4;22,5;62,3;null;1,7
18/05/2020;10,5;9;0;32,1;27,2;23,7;65,5;null;3
19/05/2020;9,6;9,4;0;31,9;27,1;23,8;70;null;3,1
20/05/2020;9;3,4;0;29,5;25,4;23,3;74,3;null;3,6
21/05/2020;6,2;3,8;0;30,5;25;22,5;82,8;null;2,6
22/05/2020;4,7;8,5;,9;31,5;26,7;22,6;72;58;2,9
23/05/2020;7,3;6,8;0;33;27,2;23,6;68,3;null;3,1
24/05/2020;8,4;7,7;0;32,7;26,9;23,5;69,3;null;2,9
25/05/2020;8,4;9,9;0;34;28;23;65,8;null;1,7
26/05/2020;7,9;2,5;0;32;26,9;24,5;78,3;null;1,3
27/05/2020;4,2;3,5;0;32,8;27,5;23,8;75,5;null;2,2
28/05/2020;5,1;,6;4,6;29,8;25,3;23,5;80,5;null;2,5
29/05/2020;5,8;8,4;0;29,5;24,8;22,1;69,3;null;2,9
30/05/2020;9,1;5,9;0;28,9;24,3;20,8;70,8;null;2,9
31/05/2020;7,2;4,2;0;29,3;25,5;21,7;69,5;null;3,3
01/06/2020;8,7;2;0;28,7;25,6;23,3;74;null;1,7
02/06/2020;5,7;6,8;0;33;27;22,2;68,8;null;1,9
03/06/2020;7,3;9,9;0;31,3;26,9;22,9;68,8;null;3,3
04/06/2020;9,3;10,3;0;32,9;26,5;24,1;75,5;null;3,6
05/06/2020;8,4;9,8;3,5;29,7;25,2;22,7;74,8;null;3,3
06/06/2020;7;5,7;0;29,7;24,4;22,2;83;null;2,8
07/06/2020;4,9;7,6;1,8;30,1;25,1;22;76,8;null;3,4
08/06/2020;6,6;8,2;1,8;29,4;24,9;21,9;73,3;null;2,5
09/06/2020;6,8;9,9;0;31,5;25,4;20,4;71,5;null;3,1
10/06/2020;7,9;10;0;31,5;26,2;22,2;68,3;null;3,6
11/06/2020;8,6;8,4;0;31,9;26,1;22,3;73;null;3,4
12/06/2020;9,4;8,9;0;31,5;25,6;21,3;69;null;2,8
13/06/2020;9;4;0;28,5;23,9;20,9;75,8;null;3,3
14/06/2020;5,9;1,1;0;28,1;24,3;21,7;75,3;null;2,8
15/06/2020;6,4;7,3;0;29,5;24,3;20,1;68,5;null;3,9
16/06/2020;9,5;2,6;0;29,3;24,5;21,7;73,5;null;3,8
17/06/2020;7,3;4,9;1,2;29,3;24,7;20,7;70;null;4,4
18/06/2020;8,7;5,7;0;29,5;23,1;19;81;null;3,1
19/06/2020;6,2;9,8;1,1;30,3;25,1;20;69,8;null;2,8
20/06/2020;9,8;6,6;0;30;25;21,6;68;null;3,6
21/06/2020;9,4;6,3;0;31,1;24,8;20,4;70,8;null;3,8
22/06/2020;9;7,1;0;29,1;24;19,5;73,5;null;2,5
23/06/2020;7,8;1,3;1,4;26,8;23;21,7;85,8;null;3,5
24/06/2020;6,3;7,4;,3;28,7;23,9;21,1;74,5;null;3,3
25/06/2020;10,4;4,7;0;28,3;23,6;20,9;86,3;78;2,6
26/06/2020;4,6;9,2;8;30,3;24,8;20,7;68,5;null;2,8
27/06/2020;9;10,8;0;31,3;25,1;20,2;64,3;null;3,1
28/06/2020;9,5;10,1;0;30,5;24,8;20,3;64;null;3,3
29/06/2020;9,3;5,8;0;29,3;24,6;20,9;67,3;null;3,1
30/06/2020;8,9;8,2;0;30,7;25,4;20,9;68,5;null;3,3
01/07/2020;9,1;10,6;0;30,9;25,2;20,5;64,5;null;2,5
02/07/2020;10,7;10,8;0;33;25,9;20,1;62,5;null;2,6
03/07/2020;11,4;6,9;0;30,6;24,9;20,2;66,5;null;3,1
04/07/2020;9,1;10,9;0;31,2;25,3;20,1;65;null;3,5
05/07/2020;11;5,3;0;28,7;24;20,6;73,3;null;3,9
06/07/2020;7,9;7,4;0;30,4;24,8;21,1;69;null;3,1
07/07/2020;9,7;10,4;0;30,2;24,2;18,7;65,8;null;3,2
08/07/2020;8,9;9,5;0;30,9;24,6;20,3;72,3;null;2,8
09/07/2020;7,9;7,2;0;31,2;25,8;21,7;69,3;null;3,2
10/07/2020;7,6;6,1;0;30,1;26,2;22,1;68,3;null;3,5
11/07/2020;9;6,9;0;29,7;24,7;21,9;68,3;null;3,1
12/07/2020;10,2;5,4;0;28,7;24,8;21,1;69,3;null;3,1
13/07/2020;8,7;9;0;32,3;26;20,8;62,8;null;2,2
14/07/2020;10,6;10,8;0;31,9;26;21,2;66,8;null;3
15/07/2020;9,9;10,8;0;31,7;26;20,7;62;null;3,9
16/07/2020;12,3;6,6;0;28,8;23,8;21,1;null;null;3,8
17/07/2020;7,3;10,1;0;29,7;25,5;20,9;60,3;54;3,7
18/07/2020;11;10,2;0;30,1;24,1;19,9;67,8;null;4,3
19/07/2020;9,6;8,6;0;30,1;25;19,9;61,3;null;3,8
20/07/2020;11,8;4,4;0;28,1;24;20,1;61,8;null;3,9
21/07/2020;9;5,4;0;28,3;22,9;20,4;85,8;null;2,8
22/07/2020;4,7;2,5;4,6;27,1;22,8;19,7;81,8;null;2,8
23/07/2020;4,9;10,3;,2;30,2;24;19,1;63,8;null;3,2
24/07/2020;12,4;9,5;0;30,3;24,7;20,4;64,8;null;3,7
25/07/2020;10,6;5,3;0;29,5;23,9;19,5;68,3;null;3,9
26/07/2020;9,3;8,2;0;30,1;23,9;18,2;64;null;3,9
27/07/2020;8,1;7,7;0;29,3;23,3;19;75;null;3,3
28/07/2020;8,9;10,6;0;30,9;23,9;18,7;72,8;null;3,9
29/07/2020;7,8;8;,6;28,7;23,9;19,2;72,3;null;3,3
30/07/2020;8,9;10,7;0;30,2;24,3;19,5;61,5;null;2,5
31/07/2020;16,1;8,2;0;29,3;22,8;18,9;76,5;null;3,6
01/08/2020;9,4;5;0;29,4;23,7;20,7;72;60;3,9
02/08/2020;9,1;4,5;0;27,7;23,5;19,9;72,3;null;3
03/08/2020;10;7,3;0;27,9;23,4;19,5;72,3;null;2,8
04/08/2020;7,9;3,7;0;27,7;22,3;20;78,3;null;3,3
05/08/2020;5,5;6,7;3,6;28,1;22,2;18,5;77,8;null;3,6
06/08/2020;7,8;7,8;,8;28,9;23,2;19,1;73,8;null;3,9
07/08/2020;10;10,6;0;30,1;23,8;18,3;67,5;null;3,4
08/08/2020;12,4;6,9;0;29,3;23,4;19,3;76,3;null;3,7
09/08/2020;8,4;7,4;0;29,2;23,6;19,6;75,5;null;3,1
10/08/2020;8;10,3;0;30,4;24,7;20,3;66,8;null;4,2
11/08/2020;13,4;8;0;31,1;24,8;19,2;69,3;null;3,2
12/08/2020;11,6;10,8;0;32,1;25;18,5;67;null;3,1
13/08/2020;12,5;9,2;0;31,5;null;18,6;75;null;2,1
14/08/2020;11,8;9,9;0;30,3;25,5;20,6;65,8;null;3,9
15/08/2020;12;11;0;31,9;26;20,1;65;null;3,2
16/08/2020;11,9;11;0;32,9;26,4;20,5;66,5;null;3
17/08/2020;11,8;10,6;0;33,3;26,3;20,9;63;null;3,6
18/08/2020;13,1;7,8;0;31,1;25,4;20,2;64;null;3,2
19/08/2020;11;9,6;0;33,2;26;20,5;68;null;2,8
20/08/2020;12;10,6;0;33,4;26,1;20,5;68,3;null;4,6
21/08/2020;12,4;10,5;0;33,2;27,1;22,1;66,5;58;2,6
22/08/2020;12,2;10,8;0;33,4;26,5;21;66,8;null;3,3
23/08/2020;12,7;10,9;0;31,7;25,7;20,2;59,8;null;3,6
24/08/2020;12,2;6,9;0;30,7;25;21,3;68,8;null;2
25/08/2020;13,5;6;0;30,6;24,9;21,2;71,3;null;2,9
26/08/2020;10,9;8,2;0;30,7;25;19,5;59,8;null;2,2
27/08/2020;11,9;10,8;0;32,3;25,9;19,7;47,5;null;2,9
28/08/2020;13,3;10,5;0;32,3;26,2;20;57,8;null;3,5
29/08/2020;14,3;6,8;0;31,7;26,5;21,2;56;null;3,4
30/08/2020;12,3;8,7;0;33,2;27,5;23,4;61;null;3,4
31/08/2020;14,5;9,2;0;32,3;26,2;21,1;58,8;null;3
01/09/2020;13,9;10;0;32,1;26,2;21,2;53;null;4,2
02/09/2020;13,8;8,8;,2;31,3;25;19,5;55;null;2,8
03/09/2020;12,4;8,7;0;32,1;25,4;20,4;61,3;null;4,2
04/09/2020;15,7;11;0;32,8;26,4;20,3;60,5;null;2,7
05/09/2020;13,3;11;0;31,3;25,8;20,7;63,5;null;3,8
06/09/2020;15,5;8,9;,4;31,7;25,4;19,8;64,8;null;3,3
07/09/2020;12,5;10,7;0;32,6;26,2;20;57,5;null;2,8
08/09/2020;12,6;9,7;0;31,7;25,6;22,3;68,8;null;3,7
09/09/2020;10,7;11,2;0;33,4;27,1;20,9;51;null;3
10/09/2020;14,8;6,4;0;32,7;27,1;23,3;54,3;null;2,5
11/09/2020;12,8;8,4;0;32,6;25,7;20,3;54;null;3,8
12/09/2020;13,4;11,1;0;32,8;26,2;19,4;46,8;null;4,2
13/09/2020;16,2;9,7;0;32,3;25,7;20,6;60,8;null;3,6
14/09/2020;13,1;9,9;0;32,8;26,8;21,2;52,5;null;3,6
15/09/2020;14,5;7,3;0;32,5;26,3;21,9;60;null;2,9
16/09/2020;14,3;8,5;0;32,6;26,8;22,5;52,5;null;3,1
17/09/2020;15,2;11;0;33,5;26,7;20,1;47,5;null;3,3
18/09/2020;15,8;11;0;34,2;27,3;20,7;49;null;2,4
19/09/2020;16,1;10,8;0;35,2;27,3;20,7;46;null;3,3
20/09/2020;17,3;11,1;0;34,2;27,7;20,7;51,3;null;2,2
21/09/2020;14,5;10,7;0;33,6;28,3;22,1;50,8;null;2,9
22/09/2020;13,7;7,9;0;34,4;28,6;22,4;54,3;null;2,9
23/09/2020;14;8,2;0;36,7;28,7;23,3;49,8;null;2,8
24/09/2020;14;11,1;0;34,4;27,6;21,1;53,3;null;3,3
25/09/2020;15,3;8,1;0;33,2;27,3;21,9;51,3;null;3,6
26/09/2020;13,4;5,9;0;32,1;26,8;21,9;54,3;null;2,6
27/09/2020;14,2;9;0;33,9;27,7;21,5;49,8;null;2,5
28/09/2020;13,2;7,6;0;35,2;29,1;22,9;52,8;40;4,2
29/09/2020;13,4;9,6;0;35,9;29,6;24;47,3;null;3,7
30/09/2020;16,1;9,1;0;34,2;27,8;22,3;51,5;null;3,6
01/10/2020;17,2;10,5;0;35;28,2;22;48;null;2,6
02/10/2020;17,7;11,1;0;34,2;27,9;21,2;44,8;null;3
03/10/2020;16,5;8,6;0;35,2;28,1;21,5;48,3;null;3,3
04/10/2020;15,6;11,1;0;35,8;29;22,1;44,8;null;3,6
05/10/2020;20;9,2;0;35,2;28,4;22;44,8;null;4,5
06/10/2020;17,3;11,1;0;35;null;22,1;null;null;3,9
07/10/2020;16,1;11;0;36,2;29,6;22,8;45,5;null;2,5
08/10/2020;18,2;11,1;0;37,6;30,8;23,8;48,8;null;1,4
09/10/2020;14,5;10,8;0;37;31,1;25,4;47,3;33;2,5
10/10/2020;14,1;10,6;0;37,8;32,1;26;49,8;null;1,8
11/10/2020;15;10,3;0;37;31,6;26,6;54;null;1,7
12/10/2020;14,6;10,7;0;35,8;30,2;24,7;43,8;null;3,1
13/10/2020;17,2;11;0;35,9;29,2;22,2;38;null;3,2
14/10/2020;19,6;9,9;0;34,4;28,5;22,5;44;null;3,9
15/10/2020;17;11,2;0;36,4;30;22,8;43;null;2,5
16/10/2020;17,1;10,9;0;36,8;29,9;23,2;40,8;null;3,2
17/10/2020;17,6;10,7;0;35,6;29,1;22,1;43,8;null;3,8
18/10/2020;18;11,1;0;35,6;28,9;22,1;48,3;null;2,5
19/10/2020;17,9;11,2;0;35,6;29,2;22,8;49,8;null;2,2
20/10/2020;20;11,5;0;35,3;29,4;22,7;44,5;null;3,2
21/10/2020;18,8;11;0;35,6;29,3;22,3;51;null;2,8
22/10/2020;17,6;7,7;0;35,4;29,6;24;56,8;null;2,6
23/10/2020;16,1;7,6;0;36;30,1;24,2;49,8;null;3,9
24/10/2020;18,5;9,8;0;35,2;29,3;24,2;59;null;2,7
25/10/2020;15,3;10,6;0;36,4;31;23,6;54;null;1,8
26/10/2020;14,9;5,7;0;36;30,9;27,1;60,3;null;3,3
27/10/2020;10,4;0;,8;30,2;26,7;24,3;76,5;null;2
28/10/2020;4,9;7,6;1,3;35,6;30,5;24,3;51,5;null;2,2
29/10/2020;17,4;10,4;0;36,2;31,1;26,5;54,8;null;3
30/10/2020;16,5;11,2;0;35,4;29,9;23,5;55,5;null;3,2
31/10/2020;14,6;10,4;0;35,8;30,4;24,8;58,3;45;2,5
01/11/2020;10,8;7,4;2,8;35,6;29,5;23,1;63,3;null;2,8
02/11/2020;9,3;1,8;49,6;30,9;24,7;22,3;96,5;null;1,1
03/11/2020;1,9;6,4;52,8;31,9;27,3;22,2;69,5;null;2,2
04/11/2020;6,8;0;9,4;28,2;23,3;21,1;92,5;null;2,8
05/11/2020;1,2;8,6;30,2;31,5;26,8;20,9;71,8;null;2,7
06/11/2020;7;7,5;0;32,8;28,2;23,7;61,8;null;3
07/11/2020;9,5;7,4;0;33,4;27,9;23,9;63;null;3,2
08/11/2020;9,9;9,9;0;33,2;null;24,8;null;null;4,4
09/11/2020;14,3;9,5;0;32,1;26,8;21,4;59,8;null;2,5
10/11/2020;11,3;9,5;0;33;27,8;22,8;54;null;2,7
11/11/2020;12,6;10;0;33,2;27,8;22,7;55,5;null;3,9
12/11/2020;13;8,1;0;31,6;27,3;22,7;63,5;null;3,2
13/11/2020;10,7;9,5;0;34;28,4;22,6;58,3;null;2,6
14/11/2020;11,9;11,6;0;34,4;29,1;23,9;58;null;3,7
15/11/2020;13,3;11,4;0;35,2;29,7;24,3;54,3;null;3,9
16/11/2020;13,2;10;0;34,6;29,2;24,1;59,8;null;2,2
17/11/2020;11,5;10,6;0;35,3;29,9;24,1;55,3;null;1,9
18/11/2020;11,3;6,1;0;34,6;28,5;25,9;67,5;null;2
19/11/2020;8,4;3,3;1,6;32,6;25,4;22,7;84,8;null;1,9
20/11/2020;3,2;2,3;13,1;29,9;26;22,5;82,3;null;2,5
21/11/2020;6,9;5,7;3,6;30,2;26,9;23,7;76,5;null;2,5
22/11/2020;6,2;9,7;0;31,8;27,7;24,2;62,8;null;3,1
23/11/2020;10,9;9,3;0;31,3;26,1;22,1;68,3;null;1,9
24/11/2020;10,5;7,5;0;31,8;26,8;22,7;64,8;null;3,3
25/11/2020;10,9;8,8;0;30,9;25,9;21,1;64,5;null;3,1
26/11/2020;10,9;6,5;0;31;26,3;21,3;58,3;null;2,8
27/11/2020;10,2;5,6;0;31,3;27,2;23,7;65;54;2,9
28/11/2020;10,3;4,5;0;30,7;25,9;22,4;67;null;3,3
29/11/2020;9,8;11,8;0;32,8;26,7;21,1;60,8;null;3,9
30/11/2020;8,1;6,5;0;32,1;26,9;22;62,3;null;1,6
01/12/2020;9,3;7,8;0;32,3;27,2;22;63,8;null;2,8
02/12/2020;10,4;11,5;0;33,6;28,6;22,7;59;null;2,2
03/12/2020;11,8;11,6;0;35,4;28,9;23,5;66;null;2,1
04/12/2020;12,2;11;,6;35;29,6;23,7;62,8;null;2,3
05/12/2020;11,7;10,1;0;34,4;29,3;24,8;54,3;null;2,3
06/12/2020;12,6;10,5;0;34,2;28,7;23,6;59,8;null;3,1
07/12/2020;12,8;9,5;0;33,8;28,6;24;63,8;null;2,2
08/12/2020;12,7;6,7;0;33,8;28,4;23,3;59,3;null;2
09/12/2020;12,2;3,2;0;34,2;29;23,8;55,3;null;2,5
10/12/2020;13,2;2,9;0;33,8;28,8;24,2;63,3;null;2
11/12/2020;10,8;10,8;0;35,6;29,6;24;50,3;null;3,8
12/12/2020;16;11,4;0;34,4;28,6;22;48,3;null;3,2
13/12/2020;16,1;9,7;0;34,2;29,2;21,9;46,8;null;3
14/12/2020;15,6;9,5;0;33,6;28,3;22,5;48,3;null;2,9
15/12/2020;14,2;11,5;0;35,2;29,2;23;47,8;null;2,6
16/12/2020;14,3;8,3;0;34,2;28,5;23,7;57,3;null;1,6
17/12/2020;11,7;11,3;0;35,4;29,8;24,6;51;null;2,1
18/12/2020;13,6;10,4;0;35,2;29,4;25,2;58,3;null;2,8
19/12/2020;13,8;10,4;0;36;30,9;25,3;51,3;null;2,2
20/12/2020;13,3;10,5;,8;35,2;30,8;26;50;null;1,9
21/12/2020;14,4;11;0;35,6;30,1;24,7;48,8;null;3,8
22/12/2020;15,6;11,5;0;35,3;29,7;23,8;45,8;null;3,1
23/12/2020;15,6;11,4;0;35,4;29,5;24,2;49,5;null;2,5
24/12/2020;14,6;11,7;0;35,2;29,5;24,1;45,5;null;2,1
25/12/2020;12,6;1,8;0;31;27,7;24,9;68,5;null;2,7
26/12/2020;7,7;6,8;0;33,6;28,6;23,4;51,5;null;3,9
27/12/2020;15,5;11,5;0;34,6;27,8;22,7;53,5;null;3,9
28/12/2020;16,7;9,3;0;34,8;28,9;23,1;49,3;null;1,9
29/12/2020;15,6;11,5;0;34,2;28,4;22,6;46,5;33;3,5
30/12/2020;15,4;9,6;0;34,4;28,8;22,6;50;null;2,5
31/12/2020;14,4;6,4;0;32,6;28,1;22,9;54,8;null;3,2
